i,local_result
1,389
2,775
3,1154
4,1888
5,2359
6,2821
7,3392
8,3880
9,4368
10,4856
11,472.5
12,944.5
13,1414.5
14,1876.5
15,2150.5
16,2528.5
17,2911.5
18,3291.5
19,3678.5
20,4052.5
21,2573.5
22,5181
23,3160.5
24,3404.5
25,3702.5
26,4008.5
27,7188.5
28,4604.5
29,8251.5
30,8697.5
31,5468.5
32,5752.5
33,10100
34,10359
35,6633.5
36,6927.5
37,7218.5
38,7520.5
39,7789.5
40,8050.5
41,8311.5
42,8606.5
43,8906.5
44,13315.5
45,9518.5
46,9787.5
47,10093.5
48,10382.5
49,10625.5
50,10794.5
51,11094.5
52,18222
53,11666.5
54,11817.5
55,12109.5
56,12412.5
57,12722.5
58,13024.5
59,13318.5
60,13617.5
61,13920.5
62,14141.5
63,14443.5
64,14747.5
65,15014.5
66,15320.5
67,15615.5
68,22141.5
69,18345
70,18529
71,18719
72,18919
73,19104
74,19305
75,19494
76,19685
77,19877
78,20071
79,20257
80,20442
81,30431
82,26454.5
83,26765.5
84,21187
85,21375
86,28707.5
87,21752
88,21946
89,22143
90,33637
91,22508
92,34069
93,34423
94,23068
95,23255
96,23451
97,23625
98,23809
99,24001
100,24200
101,24389
102,24578
103,24768
104,24956
105,25137
106,25329
107,25517
108,25694
109,25886
110,26077
111,26263
112,26456
113,26629
114,26805
115,26984
116,27181
117,27375
118,27568
119,27763
120,27948
121,28144
122,28319
123,28507
124,28694
125,46253
126,29077
127,42579.5
128,20462.5
129,49424
130,42572
131,44175.5
132,44594.5
133,44992.5
134,45391.5
135,45475
136,51276
137,49768.5
138,23323.5
139,43998
140,47458
141,47857
142,43389.5
143,54308
144,7254
145,7324
146,7361
147,47996.5
148,7399
149,55289.5
150,48744.5
151,54348.5
152,27971.5
153,7716
154,57364.5
155,55951.5
156,7981
157,8006
158,60376.5
159,60806.5
160,61682
161,28172.5
162,62554
163,8215
164,62092
165,63746
166,63530
167,62782.5
168,63204.5
169,58424.5
170,64041.5
171,64462.5
172,64884.5
173,56397
174,8745
175,8758
176,8837
177,8853
178,8890
179,11160.5
180,9013
181,9084
182,9109
183,9144
184,9184
185,9241
186,57498
187,57838
188,9366
189,27910
190,9404
191,9430
192,53800
193,72990
194,66802
195,65688.5
196,34227.5
197,66378.5
198,40487.5
199,67123.5
200,80865
201,79124
202,51022
203,67771
204,71572.5
205,80774
206,77949.5
207,61352
208,61662
209,12336.5
210,62288
211,79877.5
212,62901
213,78862.5
214,63516
215,82362.5
216,64155
217,77658.5
218,86297
219,86712
220,86995
221,87400
222,66053
223,66362
224,66663
225,88293
226,41526.5
227,89069
228,76097.5
229,75974
230,91145
231,90755
232,76163
233,76988
234,91995
235,87287
236,84770.5
237,93352
238,93740
239,81234.5
240,94479
241,94872
242,95309
243,82664.5
244,97086
245,97500
246,97904
247,98192
248,98614
249,5488
250,82822
251,389
252,770
253,750
254,1046
255,1789
256,2136
257,2485
258,3851
259,3939.5
260,4884.5
261,3679.5
262,4338.5
263,4344
264,4675
265,5505.5
266,7281
267,7111
268,8182
269,4567
270,8805.5
271,7002
272,7326
273,11207.5
274,11687.5
275,11137
276,6589
277,9741
278,12324
279,14096
280,7572
281,11202
282,8180
283,8438
284,15781.5
285,16812
286,12998
287,13356
288,13723
289,13689.5
290,14440
291,14807
292,15157
293,19172
294,18258
295,9479.5
296,9689.5
297,9875.5
298,22935
299,20348
300,24134
301,19772
302,16734.5
303,25100.5
304,24521.5
305,25000.5
306,26927.5
307,20708
308,25549.5
309,26028.5
310,28907.5
311,27336
312,28411
313,27944.5
314,30823.5
315,31316
316,29381.5
317,12191
318,30339.5
319,30818.5
320,16755.5
321,31435.5
322,33635.5
323,32290.5
324,34017
325,34458
326,36244
327,36712
328,35807
329,34546
330,33966
331,37144
332,34799
333,39828.5
334,39194.5
335,38152.5
336,31597
337,38275.5
338,39477
339,32595.5
340,38222.5
341,39994.5
342,42848.5
343,43190.5
344,43638.5
345,34824
346,43868
347,40934
348,35872
349,44252
350,36572
351,23282.5
352,40188
353,43564.5
354,44003.5
355,44412.5
356,36051.5
357,39087
358,39444
359,39830
360,46477.5
361,52359.5
362,50345
363,53288.5
364,44791
365,47162
366,45513
367,53233
368,54541.5
369,26333.5
370,57371.5
371,54977
372,21911
373,55818
374,50551
375,45228
376,60141.5
377,360
378,704
379,1023.5
380,1664
381,1400.5
382,2181
383,2546
384,2911
385,3074
386,2108
387,4005
388,4367
389,4733
390,5097
391,5455
392,3435
393,5830.5
394,6171.5
395,6516.5
396,9141
397,8610.5
398,7359
399,9814
400,5452
401,9565.5
402,11880
403,6296
404,6524
405,6824
406,7103
407,7321
408,11336.5
409,14597
410,8089
411,14488.5
412,15531
413,17084.5
414,17558.5
415,18036.5
416,18515.5
417,14568
418,14597
419,18742
420,19362.5
421,19823.5
422,20280.5
423,20722.5
424,22406.5
425,20703.5
426,21730.5
427,16890
428,16765.5
429,20508
430,25362
431,25852
432,26134.5
433,26610.5
434,25020
435,14733
436,15066
437,28332
438,15725
439,19270
440,26962.5
441,16742
442,15847.5
443,29446.5
444,30383.5
445,16822.5
446,19422
447,33053
448,33817.5
449,34742
450,20700
451,34991
452,35430.5
453,20321
454,19281.5
455,37535
456,21272
457,36388
458,33506.5
459,33795.5
460,34085.5
461,39016
462,39551.5
463,39845.5
464,40139.5
465,37742.5
466,40486
467,27242
468,41552
469,36691.5
470,37482
471,38031
472,42491.5
473,42688.5
474,43316
475,38931
476,43904
477,44198
478,44492
479,40671
480,44492
481,45137.5
482,41231
483,41259
484,46256
485,38447.5
486,41610.5
487,47138
488,47098.5
489,47392.5
490,47783.5
491,48314
492,43346.5
493,43637.5
494,29047.5
495,47538
496,47832
497,48126
498,50372
499,50332.5
500,51156
501,119
502,156
503,833
504,1108
505,949
506,1697
507,449
508,2267
509,2558
510,2446.5
511,2692.5
512,2936.5
513,3686
514,1016
515,1054
516,4533
517,4818
518,5099
519,1505
520,5604
521,5885
522,6237
523,1847
524,4277
525,6328
526,6534
527,6784
528,6911.5
529,5470
530,6942.5
531,2304
532,1648.5
533,4795
534,2535
535,8781
536,8996
537,9252
538,2670
539,9719
540,9980
541,10240
542,10607
543,10726
544,3068
545,10897.5
546,11451
547,5946
548,11953
549,3253
550,6855
551,3410
552,12909
553,13922
554,13383
555,3592
556,3625
557,9575
558,15173
559,3755
560,14830
561,15220
562,15302
563,8482
564,8665
565,14372.5
566,4216
567,4349
568,19582
569,19869
570,17472
571,15738
572,15983
573,20070
574,4868
575,19614
576,4985
577,10652
578,10701
579,10879
580,19973
581,20078
582,5258
583,5368
584,5475
585,5519
586,11799
587,5692
588,5792
589,12303
590,23566
591,14312
592,20416
593,12838
594,6117
595,6168
596,24677
597,24936
598,25199
599,24568
600,22235.5
601,6540
602,6689
603,6713
604,8759
605,6780
606,23683
607,28428.5
608,9141
609,7128
610,7170
611,7243
612,7282
613,7307
614,28249
615,7567
616,7589
617,7627
618,7669
619,16227
620,18729
621,8005
622,8091
623,8227
624,20711
625,30197.5
626,27905.5
627,8422
628,8458
629,8563
630,8581
631,8732
632,8789
633,8809
634,8910
635,9042
636,9087
637,9218
638,9234
639,12104
640,9370
641,9461
642,9506
643,9638
644,9783
645,9813
646,9840
647,9985
648,10107
649,40990
650,39381
651,23604
652,10578
653,10665
654,38725
655,10734
656,37206
657,37456
658,11032
659,40919
660,22448
661,22624
662,11417
663,42929.5
664,8918.5
665,25781
666,14721
667,48271
668,48664
669,15024
670,27310
671,42026.5
672,242
673,6218
674,12744
675,24916
676,39533.5
677,247
678,13281
679,49206.5
680,53246
681,266
682,22776.5
683,14044
684,27010
685,27128
686,1436
687,43464.5
688,14443
689,14497
690,14680
691,14707
692,14769
693,14977
694,45627.5
695,47665
696,15306
697,8520
698,55217
699,15825
700,15906
701,16066
702,1682
703,1703
704,38043
705,27089.5
706,49479
707,58364
708,58721
709,59074
710,17642
711,1822
712,1824
713,37208
714,56041.5
715,38685
716,18138
717,62654.5
718,18235
719,10660
720,14982.5
721,18488
722,18542
723,63506.5
724,63842.5
725,58618
726,15595.5
727,10945
728,15702.5
729,56378.5
730,15786.5
731,15828.5
732,15904.5
733,15982.5
734,16056.5
735,16085.5
736,16132.5
737,16176.5
738,16218.5
739,16305.5
740,16345.5
741,46848
742,77406
743,20030
744,64450
745,20503
746,20792
747,45598
748,45908
749,72367.5
750,21816
751,363
752,906
753,1467.5
754,442.5
755,1867.5
756,2369
757,2647
758,2928
759,3348
760,3646.5
761,3928.5
762,4207.5
763,4299
764,4749
765,4857.5
766,5179
767,5415.5
768,5692
769,5521
770,3780.5
771,6529.5
772,6722.5
773,6657.5
774,7527
775,7194.5
776,7465.5
777,7732.5
778,7899
779,8266.5
780,8531.5
781,9409
782,9586.5
783,6108.5
784,9610.5
785,2786
786,10581.5
787,10417.5
788,10686.5
789,11520
790,11224.5
791,12084.5
792,11762.5
793,12639.5
794,13209.5
795,13058.5
796,10640
797,13097.5
798,12368.5
799,14308.5
800,14437.5
801,14864.5
802,15461.5
803,15151
804,16025.5
805,16307.5
806,16085.5
807,16536.5
808,16816.5
809,17091.5
810,17191.5
811,17468.5
812,17744.5
813,18200.5
814,17592.5
815,18757.5
816,19312
817,19117.5
818,19584.5
819,19862.5
820,19177.5
821,20803.5
822,21085.5
823,20057.5
824,21249.5
825,21527.5
826,19322.5
827,22417
828,21387.5
829,21572.5
830,21925.5
831,23455
832,22001
833,18778
834,18528
835,24669
836,24951
837,25230
838,19390
839,25791
840,26073
841,24853.5
842,26245.5
843,26916
844,20486
845,26814.5
846,27758
847,26450.5
848,27637.5
849,28161
850,27251.5
851,27521.5
852,22349
853,22548
854,22803
855,29958
856,29838.5
857,30516
858,23749
859,29531.5
860,3739.5
861,31627
862,30456.5
863,30647.5
864,24875
865,20323.5
866,31512.5
867,31779.5
868,28417.5
869,33195
870,7579
871,33974.5
872,34987.5
873,35267.5
874,35545.5
875,30084.5
876,35353.5
877,36464
878,36745
879,36943.5
880,37304
881,37585
882,35805.5
883,38067.5
884,33751.5
885,36609.5
886,38993
887,39190.5
888,37311
889,31130
890,37845
891,40365
892,38485.5
893,38643
894,30542.5
895,30765.5
896,39553.5
897,39819.5
898,23434.5
899,23606.5
900,42927
901,43207
902,43488
903,41435.5
904,43075.5
905,9816
906,44613
907,24369.5
908,24529.5
909,12802
910,45513
911,10238
912,10255
913,10384
914,46220
915,46485
916,43781.5
917,45869.5
918,45443.5
919,45714.5
920,48586
921,46248.5
922,23091
923,46588.5
924,49793.5
925,47313.5
926,47588.5
927,47853.5
928,48126.5
929,48396.5
930,50657
931,48934.5
932,49204.5
933,49469.5
934,49740.5
935,50008.5
936,42915.5
937,43151.5
938,28756.5
939,53410
940,51343.5
941,51610.5
942,30754.5
943,52143.5
944,52414.5
945,52680.5
946,3600
947,15488
948,56377
949,53752.5
950,31685.5
951,54286.5
952,54551.5
953,57285.5
954,55086.5
955,55354.5
956,52202.5
957,55894.5
958,57955.5
959,58234.5
960,50433.5
961,56965.5
962,60074
963,53514.5
964,60631
965,13722
966,58311.5
967,60908
968,62069
969,62671.5
970,63157.5
971,62504.5
972,62309.5
973,56341.5
974,17803
975,17818
976,61682.5
977,64905
978,64463.5
979,40824.5
980,55894
981,7320.5
982,59864
983,64056.5
984,67969
985,66963.5
986,36083.5
987,69480
988,34885.5
989,68396.5
990,48382
991,18009
992,42196.5
993,42241.5
994,72142
995,61187
996,61478
997,18073
998,42651.5
999,71962.5
1000,69779.5
1001,391
1002,782
1003,1002
1004,1573
1005,1826
1006,87.5
1007,2787.5
1008,3185.5
1009,115.5
1010,3919
1011,3999
1012,2325
1013,3151.5
1014,2690.5
1015,5894
1016,6288
1017,5714
1018,7086
1019,7406
1020,6686
1021,5267.5
1022,7734
1023,5793.5
1024,8029
1025,6329.5
1026,8400.5
1027,8718.5
1028,10312
1029,6657
1030,9680.5
1031,7115
1032,7332
1033,12967
1034,465.5
1035,12507.5
1036,12863.5
1037,14742
1038,13635
1039,9556.5
1040,12511
1041,11014
1042,567.5
1043,12921
1044,17526
1045,17925
1046,18323
1047,8789.5
1048,668.5
1049,18817
1050,19671
1051,19502
1052,9921
1053,12163
1054,12386
1055,12534
1056,10292
1057,8703.5
1058,762.5
1059,10490.5
1060,19232
1061,12566.5
1062,24641
1063,17006
1064,11840.5
1065,846.5
1066,22506
1067,20205
1068,22757
1069,23096
1070,23426
1071,13671.5
1072,23345
1073,23670
1074,24000
1075,14078
1076,15030.5
1077,25745
1078,25240.5
1079,24864
1080,5516.5
1081,23066.5
1082,5640.5
1083,26877.5
1084,20517.5
1085,6232.5
1086,2825.5
1087,29019.5
1088,24340
1089,24639
1090,29169.5
1091,29574
1092,29458
1093,28250
1094,30475.5
1095,28877
1096,34396
1097,29507
1098,38751.5
1099,19881.5
1100,30424
1101,32760.5
1102,24352
1103,40689.5
1104,41201
1105,32002
1106,41848
1107,42169
1108,40738
1109,22245.5
1110,43040
1111,43793
1112,44182
1113,44568
1114,44957
1115,45346
1116,45734
1117,44764
1118,46645
1119,46826
1120,47212
1121,44709
1122,40205
1123,44710
1124,22903
1125,47805
1126,46680.5
1127,41842
1128,31499
1129,15195.5
1130,41961
1131,45084.5
1132,32615
1133,6572.5
1134,6740.5
1135,37989.5
1136,50563
1137,29388.5
1138,29646.5
1139,50890
1140,31751.5
1141,35091
1142,35303
1143,35527
1144,30940.5
1145,31154.5
1146,31405.5
1147,31623.5
1148,31712.5
1149,31979.5
1150,32245.5
1151,32516.5
1152,32797.5
1153,46583
1154,19024
1155,33525.5
1156,40534
1157,34069.5
1158,34321.5
1159,41391
1160,45429
1161,19108.5
1162,19171.5
1163,40920
1164,41206
1165,54036
1166,53676
1167,54693
1168,20224.5
1169,64560
1170,48369
1171,48673
1172,64328
1173,37877.5
1174,44004
1175,64962.5
1176,50296
1177,64057
1178,64505
1179,19910
1180,59373
1181,58583.5
1182,56415
1183,56772
1184,63241
1185,73045
1186,70483
1187,65453
1188,74814.5
1189,65039
1190,64242
1191,76061.5
1192,70200
1193,74977
1194,43796
1195,43871.5
1196,78130.5
1197,62205
1198,73277
1199,72907
1200,73301
1201,40111
1202,80081
1203,78642
1204,54369
1205,82041
1206,82457
1207,75977
1208,76363
1209,76750
1210,77133
1211,77527
1212,54844
1213,83704.5
1214,67853
1215,84514.5
1216,62672
1217,24185
1218,78124
1219,78491
1220,58961
1221,61320.5
1222,57634
1223,60691.5
1224,86415
1225,86825
1226,90564
1227,90980
1228,13702.5
1229,84486
1230,92225
1231,26017
1232,88874
1233,13889.5
1234,91831
1235,67237
1236,61557
1237,79779
1238,80129
1239,74473
1240,78765.5
1241,81181
1242,79454.5
1243,92530.5
1244,61380.5
1245,93327.5
1246,98364
1247,87380
1248,66053.5
1249,56662.5
1250,66642.5
1251,414.5
1252,329.5
1253,676.5
1254,1161.5
1255,1150.5
1256,307.5
1257,353.5
1258,1817
1259,2800.5
1260,461.5
1261,563.5
1262,4541
1263,4793.5
1264,5465
1265,5864
1266,6385.5
1267,3343
1268,2404.5
1269,6410.5
1270,6326.5
1271,4325.5
1272,8571
1273,8496
1274,9124
1275,1745.5
1276,10183
1277,9997.5
1278,7136.5
1279,10467.5
1280,7652.5
1281,12642
1282,2053.5
1283,13511
1284,13766.5
1285,13551
1286,12084.5
1287,12019.5
1288,6743
1289,15940
1290,9900
1291,4315.5
1292,6319
1293,7107.5
1294,14445.5
1295,14752.5
1296,18153
1297,11547.5
1298,11198.5
1299,2937
1300,6845
1301,4826.5
1302,13618
1303,13883
1304,21655
1305,2926.5
1306,14594
1307,18978.5
1308,16436
1309,21833.5
1310,20300
1311,14566.5
1312,7976
1313,3418.5
1314,6786.5
1315,6997.5
1316,16761.5
1317,25688
1318,25532.5
1319,21669
1320,9183
1321,13545.5
1322,18374.5
1323,4977.5
1324,12654
1325,12958
1326,31505
1327,23606.5
1328,24723.5
1329,5965.5
1330,9027.5
1331,19554.5
1332,6407.5
1333,33917
1334,35081
1335,31523
1336,33345
1337,26011
1338,23288.5
1339,38705
1340,15456.5
1341,11740
1342,35862.5
1343,24694.5
1344,43071
1345,7825.5
1346,7988.5
1347,39853
1348,39570
1349,43099
1350,43540
1351,38280.5
1352,37698.5
1353,12947
1354,35934
1355,22258.5
1356,34067.5
1357,42572
1358,45149
1359,44972
1360,45359
1361,45750
1362,42501.5
1363,39624.5
1364,39963.5
1365,40299.5
1366,43971.5
1367,31204.5
1368,48469
1369,49223.5
1370,32019.5
1371,48263
1372,48077
1373,10339.5
1374,33191.5
1375,20750
1376,42784
1377,21034
1378,52342
1379,49980.5
1380,53122
1381,49655
1382,54611
1383,45748.5
1384,55412
1385,55800
1386,52571.5
1387,43912.5
1388,53314.5
1389,55107
1390,55487
1391,45208.5
1392,20387.5
1393,59392
1394,59800
1395,54764
1396,52465
1397,55090.5
1398,55455.5
1399,60413
1400,60803
1401,59695
1402,38398
1403,38681
1404,53060
1405,53398
1406,47764
1407,12597.5
1408,27417
1409,65285
1410,65670
1411,28027
1412,59683
1413,56925
1414,70293
1415,13136.5
1416,8505
1417,46038
1418,34310
1419,34555
1420,31433.5
1421,66717
1422,35266
1423,19142.5
1424,60682.5
1425,13840.5
1426,49791.5
1427,14030.5
1428,14124.5
1429,29881
1430,1041.5
1431,14315.5
1432,57088
1433,14479.5
1434,72408
1435,64749.5
1436,75865
1437,62220
1438,62523
1439,70404.5
1440,72468.5
1441,36675.5
1442,73124.5
1443,15229.5
1444,73787.5
1445,75976
1446,15419.5
1447,37836.5
1448,15569.5
1449,79130
1450,78288
1451,76103.5
1452,73629.5
1453,15963.5
1454,16051.5
1455,16163.5
1456,62966
1457,30356
1458,46383
1459,80675
1460,81007
1461,79409.5
1462,35047
1463,58931
1464,59169
1465,14010
1466,86081
1467,63817
1468,86768
1469,16989.5
1470,87451
1471,84708
1472,50807.5
1473,58558.5
1474,51278.5
1475,51530.5
1476,77558.5
1477,89842
1478,88834
1479,87394
1480,87731
1481,89860
1482,84696
1483,90536
1484,90876
1485,91213
1486,45686.5
1487,18170.5
1488,54347.5
1489,54566.5
1490,18355.5
1491,89314.5
1492,70842
1493,76602.5
1494,76899.5
1495,64296.5
1496,18614.5
1497,91302.5
1498,15504
1499,85560
1500,78704.5
1501,341
1502,680
1503,1023
1504,963
1505,1479
1506,2011
1507,1911.5
1508,2680
1509,875
1510,2975
1511,3692
1512,2245
1513,4195
1514,702.5
1515,4841
1516,5373
1517,5818
1518,5803
1519,5657
1520,6855.5
1521,4394
1522,7545.5
1523,1001.5
1524,1047.5
1525,8235
1526,4147
1527,9272.5
1528,9225
1529,1200.5
1530,10303.5
1531,1291.5
1532,7118.5
1533,9838.5
1534,5407
1535,1370.5
1536,1488.5
1537,8155.5
1538,1555.5
1539,8673.5
1540,1638.5
1541,9130.5
1542,9389.5
1543,9595.5
1544,15111.5
1545,14544
1546,10334.5
1547,13528
1548,15078.5
1549,15391.5
1550,1997.5
1551,11196
1552,15555.5
1553,9460
1554,18540.5
1555,2312.5
1556,13267.5
1557,4177
1558,17371.5
1559,17369
1560,10730
1561,18069
1562,16295.5
1563,11332
1564,11434
1565,11592
1566,11807
1567,1276.5
1568,1305.5
1569,1314.5
1570,7914
1571,12713
1572,7863
1573,21830.5
1574,8358
1575,13390
1576,16549
1577,20862.5
1578,23715.5
1579,21423.5
1580,21711.5
1581,9354
1582,24935.5
1583,3524.5
1584,26447
1585,16086.5
1586,3797.5
1587,10121
1588,3858.5
1589,1925.5
1590,23502.5
1591,23803.5
1592,29109
1593,23146.5
1594,16324
1595,24020
1596,32322
1597,2113.5
1598,25407.5
1599,34134
1600,7164
1601,4456.5
1602,34337
1603,2148.5
1604,4622.5
1605,17454
1606,4741.5
1607,34192
1608,23224.5
1609,27982.5
1610,22301
1611,23148
1612,11732
1613,11745
1614,22930
1615,42401
1616,18751.5
1617,9341
1618,31750
1619,5355.5
1620,43892
1621,36148
1622,5428.5
1623,29649.5
1624,19356
1625,19397
1626,38065.5
1627,19704
1628,5869.5
1629,5734.5
1630,5903.5
1631,20042
1632,25348.5
1633,27848.5
1634,6055.5
1635,36217
1636,20639
1637,26217
1638,36895
1639,6141.5
1640,6347.5
1641,50380
1642,50754
1643,38293
1644,21809
1645,6730.5
1646,35727
1647,42182
1648,7163.5
1649,3340
1650,53897
1651,7417.5
1652,7429.5
1653,52875
1654,7594.5
1655,40955.5
1656,50794
1657,54586
1658,15472
1659,7829.5
1660,57832
1661,38413.5
1662,8026.5
1663,15702
1664,44581.5
1665,31035
1666,15841
1667,47886
1668,31611
1669,31757
1670,31943
1671,62128
1672,43185.5
1673,43416.5
1674,25516
1675,16335
1676,25759
1677,8986.5
1678,48365
1679,26457
1680,26775
1681,27077
1682,54382
1683,35231
1684,35551
1685,35890
1686,49731.5
1687,49966.5
1688,47923.5
1689,41289.5
1690,11294.5
1691,36725.5
1692,37169
1693,58857
1694,51727
1695,11779.5
1696,53043
1697,30258
1698,62556.5
1699,30495
1700,12104.5
1701,12117.5
1702,55583
1703,41017
1704,41264
1705,41534
1706,21015
1707,31824
1708,32034
1709,32260
1710,32460
1711,61769
1712,41809
1713,79171
1714,56705
1715,32248
1716,17931
1717,60262
1718,53194.5
1719,16480
1720,16508
1721,12734.5
1722,28043
1723,60476.5
1724,83813
1725,84214
1726,7236
1727,83239
1728,55954.5
1729,82523
1730,82902
1731,13073.5
1732,83299
1733,83675
1734,84050
1735,50956.5
1736,51229.5
1737,7482.5
1738,89043
1739,48185
1740,13197.5
1741,13230.5
1742,13438.5
1743,7600.5
1744,72397
1745,13555.5
1746,38587.5
1747,13636.5
1748,96801
1749,7708.5
1750,68754.5
1751,403
1752,762.5
1753,1144.5
1754,1525.5
1755,1150
1756,1730
1757,2022
1758,2312
1759,1604.5
1760,2350
1761,4234
1762,5114
1763,5045
1764,1434.5
1765,5779
1766,6161
1767,446.5
1768,7216
1769,5701.5
1770,8014
1771,8416
1772,8816
1773,9000.5
1774,7188.5
1775,9183.5
1776,8988
1777,6340.5
1778,10865
1779,11253
1780,11637
1781,3161.5
1782,12419
1783,12423.5
1784,12553
1785,14917
1786,11752.5
1787,15300
1788,6562
1789,13373.5
1790,1946.5
1791,1993.5
1792,15435.5
1793,10413.5
1794,16281
1795,13568
1796,18270
1797,13314.5
1798,19070
1799,8551
1800,8747
1801,8925
1802,12586.5
1803,1677.5
1804,5379.5
1805,5431.5
1806,9723
1807,11503.5
1808,19009.5
1809,5918.5
1810,5970.5
1811,19373
1812,14224
1813,22670
1814,20582
1815,25728
1816,27358.5
1817,26634.5
1818,16293.5
1819,19607
1820,19914
1821,24653.5
1822,20990
1823,31524
1824,32357.5
1825,21416
1826,26490.5
1827,33394
1828,23868
1829,34313
1830,19079
1831,379.5
1832,3048.5
1833,33836.5
1834,10848.5
1835,34939
1836,19607.5
1837,25167
1838,5771
1839,36141.5
1840,17126
1841,30428.5
1842,30767.5
1843,37819
1844,37467
1845,38183
1846,37534.5
1847,24140
1848,26283.5
1849,30437
1850,37360.5
1851,5278.5
1852,33402
1853,44316.5
1854,16127.5
1855,16429.5
1856,22466.5
1857,47967
1858,34130
1859,48120
1860,15801.5
1861,39731.5
1862,30835.5
1863,8588.5
1864,16670.5
1865,50457
1866,39707.5
1867,50221.5
1868,50643.5
1869,51065.5
1870,52770
1871,20623.5
1872,52326.5
1873,54036
1874,53170.5
1875,51430.5
1876,53912
1877,39103
1878,55581
1879,22540.5
1880,49579.5
1881,57149
1882,407
1883,765
1884,1140
1885,1401
1886,1746
1887,2408
1888,2456
1889,871.5
1890,3414
1891,387
1892,780
1893,1226
1894,1382
1895,1908.5
1896,2173.5
1897,1487.5
1898,2925.5
1899,1899.5
1900,3819
1901,422
1902,187.5
1903,971.5
1904,1688
1905,1617.5
1906,2140.5
1907,1332
1908,2085.5
1909,2687.5
1910,2990.5
1911,33.5
1912,501.5
1913,585.5
1914,1002
1915,1445.5
1916,308.5
1917,1954.5
1918,372.5
1919,456.5
1920,490.5
1921,44
1922,173
1923,1078
1924,488.5
1925,212
1926,2260
1927,2815
1928,2968
1929,1395.5
1930,3792
1931,313.5
1932,942
1933,1041.5
1934,1385.5
1935,760.5
1936,1561
1937,2701.5
1938,1767.5
1939,4310
1940,3196
1941,389.5
1942,658.5
1943,1433.5
1944,1324
1945,746
1946,1944.5
1947,2435
1948,1286.5
1949,4251
1950,4821.5
1951,478.5
1952,947.5
1953,619
1954,1872
1955,1262
1956,2270.5
1957,2016.5
1958,2300.5
1959,1424.5
1960,1870
1961,163
1962,930.5
1963,1278
1964,804
1965,2196
1966,2866
1967,3335
1968,3427
1969,4249
1970,4742
1971,455
1972,722
1973,1370.5
1974,1260
1975,2286.5
1976,2063
1977,3105
1978,3156
1979,4163.5
1980,4300
1981,438.5
1982,875.5
1983,904.5
1984,1202
1985,2130
1986,2514
1987,1509
1988,3160.5
1989,686
1990,52
1991,356
1992,477.5
1993,436.5
1994,1585.5
1995,1515.5
1996,2375
1997,1566.5
1998,3219
1999,3839.5
2000,412.5
2001,369.5
2002,732.5
2003,672.5
2004,956.5
2005,1827.5
2006,1504.5
2007,2395
2008,2339
2009,3175.5
2010,3535.5
2011,3519.5
2012,4634
2013,5012
2014,5590.5
2015,4253.5
2016,4542.5
2017,6790.5
2018,5777
2019,6408
2020,7987.5
2021,8217
2022,8612
2023,8083.5
2024,6114.5
2025,8790.5
2026,8771
2027,8690
2028,11095
2029,11079
2030,9710.5
2031,9949.5
2032,10297
2033,11128.5
2034,11564
2035,9133.5
2036,13109.5
2037,13639.5
2038,12321
2039,11867.5
2040,12174.5
2041,16376.5
2042,13610
2043,11387.5
2044,17215
2045,14598
2046,12225.5
2047,12497.5
2048,13574
2049,19042
2050,13312.5
2051,19820
2052,19606
2053,16181.5
2054,19471.5
2055,21133.5
2056,15887.5
2057,20144
2058,6206
2059,16684.5
2060,6293
2061,22005.5
2062,22599.5
2063,22687
2064,16886.5
2065,17173.5
2066,17462.5
2067,17757.5
2068,19258.5
2069,22201.5
2070,18567.5
2071,12202.5
2072,23170.5
2073,25171
2074,27854
2075,25168
2076,20116.5
2077,20505.5
2078,23065.5
2079,23944.5
2080,25732.5
2081,26370
2082,22252
2083,19651
2084,23761.5
2085,22574.5
2086,26071.5
2087,23611
2088,26664.5
2089,22587
2090,32821.5
2091,31380
2092,29698
2093,22075
2094,30397
2095,14278.5
2096,29403.5
2097,31438
2098,30074.5
2099,26448.5
2100,30721.5
2101,37218.5
2102,25051
2103,33789
2104,41115
2105,41523
2106,38676.5
2107,26289
2108,39872.5
2109,35856
2110,44150
2111,41024.5
2112,31455
2113,41795.5
2114,39767
2115,42564.5
2116,42943.5
2117,15977.5
2118,36240.5
2119,36580.5
2120,46956
2121,44883
2122,37564.5
2123,40547
2124,47823
2125,45879
2126,26063.5
2127,51320
2128,17905.5
2129,47813
2130,48081.5
2131,27253.5
2132,48831.5
2133,44070
2134,23345
2135,36112.5
2136,38694
2137,24055.5
2138,24113.5
2139,37338.5
2140,37638.5
2141,44206
2142,38156.5
2143,24900.5
2144,48561
2145,41008
2146,39013.5
2147,55023.5
2148,39431.5
2149,17789
2150,40041.5
2151,43643.5
2152,56943.5
2153,44214.5
2154,48016.5
2155,9960.5
2156,24425.5
2157,48784.5
2158,45767.5
2159,46084.5
2160,63614
2161,36014
2162,43546.5
2163,43850.5
2164,54097.5
2165,35194
2166,62403.5
2167,44881.5
2168,63201.5
2169,45287.5
2170,45579.5
2171,32911.5
2172,56697.5
2173,11001.5
2174,46031.5
2175,46212.5
2176,46390.5
2177,46642.5
2178,46741.5
2179,42434
2180,13894
2181,47856.5
2182,48134.5
2183,36048.5
2184,69121.5
2185,60953
2186,74923.5
2187,65844
2188,53615.5
2189,53907.5
2190,62621
2191,22055
2192,76157
2193,54819.5
2194,63849
2195,28382.5
2196,71248
2197,71606
2198,60765.5
2199,74866
2200,56472.5
2201,51970.5
2202,32006.5
2203,66395.5
2204,62303.5
2205,62645.5
2206,82367.5
2207,67894
2208,68248
2209,68599
2210,53808.5
2211,69261
2212,69614
2213,69963
2214,84029
2215,55277.5
2216,66560.5
2217,87278
2218,81443.5
2219,61707.5
2220,67565.5
2221,80638.5
2222,31687.5
2223,89772
2224,73774
2225,90284.5
2226,82650
2227,91115.5
2228,91523.5
2229,79204.5
2230,91829
2231,87504
2232,84946
2233,88448.5
2234,60651.5
2235,77595
2236,77920
2237,90976.5
2238,95618
2239,82399
2240,67433
2241,67736
2242,67991
2243,68307
2244,98623
2245,63715.5
2246,92853.5
2247,93227.5
2248,90977.5
2249,82371
2250,85117
2251,363.5
2252,140.5
2253,649
2254,305.5
2255,1600
2256,1931
2257,2658
2258,2698
2259,2749
2260,3003
2261,2389
2262,2528
2263,3666
2264,2318
2265,2501
2266,3717.5
2267,6417
2268,5550.5
2269,1477.5
2270,58
2271,8240
2272,8622
2273,8182
2274,2154
2275,4621
2276,9170.5
2277,2394
2278,11719
2279,11109.5
2280,6612
2281,2060
2282,2061
2283,2062
2284,11614
2285,11677
2286,2064
2287,10072
2288,10779.5
2289,14564.5
2290,14504.5
2291,11408.5
2292,15710.5
2293,2076
2294,10466
2295,2078
2296,16764.5
2297,17078.5
2298,12888.5
2299,4920
2300,6449
2301,4914.5
2302,18896.5
2303,2086
2304,19529.5
2305,20510.5
2306,6602
2307,20208.5
2308,19176
2309,17379
2310,19257
2311,8900.5
2312,5825.5
2313,5842.5
2314,20087.5
2315,21869.5
2316,22545.5
2317,23691.5
2318,21821
2319,6843
2320,2118
2321,24612
2322,24713.5
2323,25023.5
2324,15304
2325,25842.5
2326,18167
2327,950.5
2328,5652
2329,18776
2330,19653.5
2331,2511
2332,2514
2333,26112
2334,27375
2335,4185
2336,28245.5
2337,30046.5
2338,26886.5
2339,4221
2340,4231
2341,7577
2342,5880
2343,23397.5
2344,8729
2345,8759
2346,5652
2347,31893.5
2348,24510.5
2349,34183
2350,32988
2351,33295
2352,33601
2353,34716.5
2354,31538
2355,36983
2356,956.5
2357,6127
2358,2574
2359,2575
2360,37174
2361,36817.5
2362,24894
2363,2580
2364,2583
2365,2587
2366,36436
2367,36735
2368,957.5
2369,6336
2370,2201
2371,36360.5
2372,39774
2373,40566.5
2374,23401
2375,23556
2376,8438
2377,40366
2378,41695.5
2379,4604
2380,6211
2381,29669
2382,29877
2383,39373.5
2384,5016.5
2385,5029.5
2386,5040.5
2387,27773
2388,6654
2389,6671
2390,6688
2391,5095.5
2392,6392
2393,6406
2394,5132.5
2395,6768
2396,26983
2397,50021
2398,48862.5
2399,966.5
2400,51956
2401,47697
2402,48082
2403,45691
2404,46015
2405,46347
2406,52258
2407,1055.5
2408,15049.5
2409,47789
2410,2886
2411,1154.5
2412,2966
2413,53563
2414,31662
2415,12471
2416,50460
2417,10127
2418,59504.5
2419,60236
2420,3892
2421,8252
2422,13878
2423,3391.5
2424,59159
2425,60427
2426,59609
2427,53329
2428,64148
2429,11539
2430,60337.5
2431,54616
2432,65337.5
2433,57042
2434,66595
2435,66991
2436,16313
2437,58946
2438,65665.5
2439,66043.5
2440,58730
2441,59049
2442,59370
2443,59643
2444,12988
2445,42939.5
2446,68545.5
2447,4402
2448,69419.5
2449,69798.5
2450,135
2451,135
2452,17244
2453,135
2454,3504.5
2455,42238
2456,75198
2457,2349.5
2458,11725
2459,1887.5
2460,11786
2461,74343.5
2462,77552
2463,21117
2464,18339.5
2465,72483.5
2466,4488
2467,79542
2468,72929.5
2469,580
2470,4502
2471,80964
2472,78324.5
2473,78693.5
2474,2956
2475,4569
2476,4569
2477,4574
2478,2995
2479,10085
2480,14047
2481,2447.5
2482,4619
2483,14246
2484,3290
2485,3875.5
2486,73615.5
2487,59019.5
2488,59276.5
2489,74640.5
2490,55961.5
2491,81871.5
2492,49738
2493,20508
2494,82968.5
2495,76816
2496,71081
2497,86907.5
2498,85073.5
2499,62407.5
2500,17805
2501,443
2502,379
2503,1220
2504,1085
2505,1972
2506,2049.5
2507,1417
2508,3663.5
2509,4098.5
2510,2656
2511,1901
2512,3253
2513,2344
2514,6036
2515,5305.5
2516,3735.5
2517,7452.5
2518,7911.5
2519,8349.5
2520,5238
2521,5540
2522,2808
2523,5992
2524,6216
2525,9236
2526,6527.5
2527,2266
2528,2369
2529,12771.5
2530,13246.5
2531,10151
2532,13127
2533,13566
2534,5055
2535,14443
2536,16087.5
2537,14019
2538,14429
2539,17512.5
2540,11650
2541,8486
2542,17807.5
2543,4346
2544,7388
2545,7403
2546,15519
2547,4840.5
2548,7579
2549,19743
2550,7615
2551,22810.5
2552,23229.5
2553,21884
2554,22539.5
2555,10115
2556,20293
2557,23173
2558,21641
2559,12885
2560,10629
2561,24718
2562,27364.5
2563,27773.5
2564,21540.5
2565,28622.5
2566,29027.5
2567,27961.5
2568,28351.5
2569,30280.5
2570,29861
2571,25190.5
2572,31510.5
2573,26942
2574,32361.5
2575,28105
2576,32298
2577,32021
2578,10235
2579,16057
2580,29938
2581,28471
2582,28819
2583,29161
2584,23217
2585,20528.5
2586,20621.5
2587,20901.5
2588,38270.5
2589,38693.5
2590,39123.5
2591,6328
2592,37604.5
2593,34653
2594,7653
2595,41191.5
2596,35691
2597,28546
2598,36424
2599,40257.5
2600,6990
2601,43714.5
2602,44120.5
2603,36147.5
2604,36474.5
2605,42729.5
2606,43474.5
2607,28531
2608,35393.5
2609,35699.5
2610,29295
2611,20292
2612,47032
2613,26026.5
2614,18146.5
2615,46493
2616,12875
2617,12897
2618,12913
2619,41288.5
2620,47929
2621,48307
2622,48710
2623,13156
2624,51853
2625,36308
2626,46546
2627,50615
2628,50995
2629,17265
2630,41262
2631,56206.5
2632,52513
2633,52895
2634,53275
2635,51879.5
2636,52245.5
2637,24007
2638,58375
2639,51190
2640,13846
2641,51930
2642,34418.5
2643,59797
2644,57882.5
2645,8345
2646,36754
2647,58296
2648,63328.5
2649,62889
2650,43179
2651,57384
2652,63131
2653,40435
2654,56648
2655,65377
2656,2202
2657,57736
2658,67511.5
2659,67968.5
2660,8928
2661,68843.5
2662,53038.5
2663,59955
2664,65526
2665,60678
2666,3329.5
2667,63948.5
2668,40467.5
2669,72256.5
2670,68237
2671,29480
2672,63246
2673,74078.5
2674,73526
2675,73953
2676,22241
2677,28252.5
2678,76225.5
2679,71062
2680,73031
2681,45747
2682,77897.5
2683,32336.5
2684,6772
2685,75771
2686,79725.5
2687,47509
2688,74734
2689,81158.5
2690,70115
2691,70508
2692,10370
2693,83043.5
2694,37560
2695,83949.5
2696,10520
2697,80201.5
2698,80075.5
2699,85784.5
2700,73971
2701,80218
2702,81597.5
2703,11414
2704,88074.5
2705,66308
2706,83301.5
2707,72414.5
2708,72212.5
2709,36398.5
2710,22615
2711,11290
2712,78578
2713,23122
2714,11591
2715,85127
2716,86525
2717,75515.5
2718,79585
2719,87802
2720,5126.5
2721,8491
2722,27466.5
2723,13973.5
2724,46028
2725,78499.5
2726,92053.5
2727,84465
2728,47019
2729,44711
2730,95731
2731,92997
2732,93439
2733,93880
2734,100655
2735,64457.5
2736,28225
2737,47151
2738,88898
2739,37070
2740,89713
2741,29469
2742,99053.5
2743,98347
2744,106632.5
2745,100400.5
2746,30592
2747,101296.5
2748,80642
2749,88262.5
2750,89541
2751,327
2752,587.5
2753,509
2754,704
2755,1189.5
2756,2456.5
2757,2721.5
2758,2386.5
2759,3002
2760,3189
2761,4305.5
2762,5526
2763,5991
2764,4587.5
2765,6440.5
2766,5814
2767,4978.5
2768,8035
2769,7566.5
2770,8624.5
2771,9111.5
2772,7977
2773,8817.5
2774,9695
2775,6371.5
2776,11202.5
2777,10243.5
2778,9493.5
2779,3202
2780,13602
2781,12200.5
2782,12577.5
2783,14944
2784,15321
2785,15502.5
2786,13811.5
2787,16334.5
2788,12374.5
2789,13458.5
2790,12993.5
2791,15155.5
2792,14448.5
2793,3476
2794,14045.5
2795,3507
2796,17426
2797,12131.5
2798,1521
2799,20686
2800,21793.5
2801,3653
2802,22035
2803,20145.5
2804,22850
2805,20893.5
2806,2472.5
2807,3782
2808,25212
2809,25634
2810,18887.5
2811,19468.5
2812,24250
2813,25218.5
2814,23480.5
2815,5460.5
2816,3982
2817,28567
2818,20252.5
2819,21931.5
2820,2832.5
2821,22432
2822,19854.5
2823,28625
2824,3021.5
2825,912
2826,25171.5
2827,20811.5
2828,21600.5
2829,1102
2830,5249
2831,3614.5
2832,26168.5
2833,30894.5
2834,5892
2835,14601.5
2836,28267.5
2837,23512.5
2838,28192.5
2839,7284.5
2840,34660.5
2841,30435
2842,3045
2843,23845.5
2844,41956
2845,7361
2846,7375
2847,7395
2848,44277
2849,21938
2850,22144
2851,22360
2852,7521
2853,28607.5
2854,37112
2855,23350.5
2856,29215.5
2857,44299.5
2858,46708
2859,47103
2860,47413.5
2861,47894
2862,7765
2863,48615.5
2864,49099
2865,44802
2866,44057.5
2867,27620
2868,44783.5
2869,46805.5
2870,36554
2871,39471.5
2872,50078.5
2873,46749.5
2874,50207.5
2875,48664
2876,5618.5
2877,16186.5
2878,49097.5
2879,47798.5
2880,42321.5
2881,50203.5
2882,53950.5
2883,51476
2884,54728.5
2885,46226
2886,4875.5
2887,55886.5
2888,50863.5
2889,53155.5
2890,35133.5
2891,61193
2892,61596
2893,34466.5
2894,1019.5
2895,4718
2896,14548.5
2897,59964
2898,57684.5
2899,58238
2900,34393
2901,8674
2902,4965
2903,64587.5
2904,25330.5
2905,45756.5
2906,60004
2907,5644.5
2908,51929
2909,67174
2910,67620
2911,43033.5
2912,50975.5
2913,62171.5
2914,64300.5
2915,27231.5
2916,61217.5
2917,9946
2918,64991
2919,63912.5
2920,51446
2921,74143
2922,74281
2923,63865.5
2924,70639.5
2925,61045
2926,45171.5
2927,47546.5
2928,78543
2929,79023
2930,10885
2931,6432.5
2932,54171
2933,4324
2934,71393
2935,70812.5
2936,63155
2937,70601.5
2938,70942.5
2939,50664.5
2940,40523.5
2941,40569.5
2942,58033
2943,6655
2944,5225
2945,67585
2946,83834
2947,85637
2948,85679
2949,61661.5
2950,45838
2951,78742
2952,79118
2953,89105
2954,78267.5
2955,85669
2956,25126.5
2957,87776
2958,88180
2959,80561
2960,72826
2961,5089
2962,5089
2963,7015
2964,83647
2965,61125
2966,8748.5
2967,91709.5
2968,92257
2969,92659
2970,8945.5
2971,82723.5
2972,82524
2973,95882
2974,73317
2975,56893
2976,82776.5
2977,64276
2978,88969
2979,14365
2980,95825.5
2981,89105
2982,95652
2983,100452
2984,97743
2985,90421
2986,47787
2987,100580
2988,88529
2989,78518.5
2990,70708
2991,89962
2992,72920
2993,69536
2994,92063.5
2995,64983.5
2996,78197
2997,100543.5
2998,55575
2999,77913.5
3000,100610.5
3001,399.5
3002,703.5
3003,781
3004,1360.5
3005,1911
3006,1921.5
3007,2242.5
3008,2552.5
3009,3657
3010,3673
3011,4026
3012,4380
3013,4554.5
3014,5476
3015,5894
3016,4617.5
3017,6622
3018,6813.5
3019,7350
3020,3753.5
3021,7900.5
3022,7905
3023,4392.5
3024,9170
3025,8672.5
3026,9703.5
3027,7407.5
3028,10648.5
3029,5578.5
3030,5828.5
3031,5900.5
3032,12082
3033,12257
3034,9618
3035,13196.5
3036,12836
3037,8011
3038,10779
3039,13890
3040,14237
3041,8223.5
3042,14631.5
3043,14975.5
3044,15639
3045,9068.5
3046,16813.5
3047,11255.5
3048,17531.5
3049,16573.5
3050,18253.5
3051,18612.5
3052,17602
3053,17865.5
3054,18757.5
3055,19105.5
3056,20412.5
3057,20770.5
3058,16624
3059,20924
3060,20684.5
3061,21628
3062,16229.5
3063,22932.5
3064,13784
3065,22289.5
3066,23979.5
3067,24337.5
3068,24697.5
3069,25056.5
3070,25788.5
3071,26258.5
3072,26515.5
3073,14553.5
3074,27240.5
3075,26353
3076,26168.5
3077,19927
3078,22435
3079,28685.5
3080,27418.5
3081,29407.5
3082,30321.5
3083,25836.5
3084,31049.5
3085,30845.5
3086,29601.5
3087,29544
3088,32505.5
3089,32810.5
3090,33233.5
3091,31172.5
3092,31512.5
3093,32887
3094,33238
3095,20949
3096,33939
3097,33213.5
3098,33554.5
3099,33895.5
3100,22208
3101,22429
3102,37601.5
3103,32062.5
3104,23161
3105,35762.5
3106,23610
3107,38617.5
3108,38977.5
3109,24353
3110,40373
3111,40876.5
3112,37810.5
3113,26688
3114,26969
3115,25875
3116,26127
3117,41050
3118,34732
3119,33690.5
3120,31401
3121,41588.5
3122,43086
3123,34796.5
3124,42897.5
3125,39590.5
3126,26467.5
3127,45915.5
3128,47018.5
3129,44566.5
3130,47774.5
3131,48095.5
3132,48491
3133,48855
3134,49219
3135,35257
3136,46056.5
3137,49625.5
3138,47491.5
3139,51401
3140,50947.5
3141,45330.5
3142,50409
3143,53247.5
3144,53717.5
3145,54146.5
3146,49973.5
3147,50596.5
3148,46174.5
3149,54730.5
3150,55155.5
3151,55581.5
3152,57299
3153,57766
3154,57975.5
3155,52935.5
3156,59269
3157,34817
3158,56687
3159,35273
3160,60176.5
3161,35566
3162,35835
3163,62712
3164,33405.5
3165,33586.5
3166,36688
3167,36935
3168,57692.5
3169,65436
3170,66029
3171,66076
3172,66495
3173,55538.5
3174,67677
3175,68214.5
3176,25657
3177,44376
3178,64070
3179,44654
3180,34568.5
3181,63057.5
3182,70682
3183,69655.5
3184,69115.5
3185,45511
3186,35221
3187,73054.5
3188,65495.5
3189,37929
3190,72378.5
3191,64971
3192,65282
3193,46694
3194,53991
3195,38165
3196,70171
3197,29195
3198,48895.5
3199,67036
3200,67341
3201,49405.5
3202,38400
3203,62660.5
3204,38455
3205,38484
3206,74660
3207,63736.5
3208,64011.5
3209,56839.5
3210,38708
3211,64821.5
3212,57432.5
3213,57629.5
3214,29489
3215,38844
3216,80884.5
3217,86357
3218,66690.5
3219,66960.5
3220,82371.5
3221,67505.5
3222,67766.5
3223,72447
3224,68299.5
3225,39276
3226,75763.5
3227,79202.5
3228,85770.5
3229,81682
3230,91853
3231,90053.5
3232,92753
3233,80805.5
3234,78264.5
3235,42259
3236,92303.5
3237,95433.5
3238,93203.5
3239,96333.5
3240,96783.5
3241,97222
3242,75675.5
3243,65877.5
3244,87984
3245,88396
3246,85967.5
3247,76622.5
3248,85608.5
3249,85990.5
3250,86382.5
3251,429
3252,821.5
3253,281.5
3254,1795
3255,2081.5
3256,605.5
3257,707
3258,3520.5
3259,1941.5
3260,2108
3261,2241
3262,867.5
3263,4863
3264,3909
3265,1347
3266,4253.5
3267,4534.5
3268,6478
3269,6668.5
3270,6033.5
3271,7328
3272,9847
3273,10311
3274,10694
3275,11241
3276,11615
3277,12171
3278,12634
3279,12830
3280,2520
3281,12432.5
3282,10934
3283,13643.5
3284,10908
3285,14343
3286,13996
3287,16683
3288,17274
3289,5365
3290,14545
3291,15146
3292,18023
3293,18456
3294,18069
3295,18547
3296,14840.5
3297,16883
3298,16066
3299,20210
3300,4297
3301,5079
3302,23258
3303,16209.5
3304,21974.5
3305,4602
3306,4799
3307,13224
3308,22880
3309,24391
3310,25292.5
3311,13639.5
3312,19021.5
3313,20630.5
3314,25516
3315,23927
3316,29905
3317,30367
3318,23780
3319,15596.5
3320,25388.5
3321,23310.5
3322,24217
3323,17244.5
3324,25398
3325,28081
3326,17408
3327,34864
3328,31955.5
3329,36786
3330,18691.5
3331,18980.5
3332,19230.5
3333,33611
3334,17754
3335,17988
3336,18185
3337,10022
3338,30708.5
3339,7036
3340,35875
3341,21402.5
3342,25020.5
3343,10860
3344,34288
3345,32070
3346,22504
3347,11607
3348,35433
3349,11821
3350,37064
3351,41174.5
3352,48423
3353,34885
3354,12489
3355,47792.5
3356,12612
3357,40320.5
3358,12836
3359,49441
3360,38357.5
3361,50274
3362,37661
3363,47282.5
3364,53980
3365,51926
3366,40284.5
3367,52753
3368,37390.5
3369,52398
3370,41000
3371,53202
3372,49642.5
3373,55404.5
3374,42291
3375,51449
3376,51818
3377,52197
3378,52585
3379,21043
3380,53770.5
3381,45769
3382,51199
3383,31169
3384,54134.5
3385,14979
3386,46955
3387,35848.5
3388,45979
3389,43530.5
3390,15587
3391,51617
3392,17433
3393,52882.5
3394,53234.5
3395,57760.5
3396,67726
3397,16204
3398,54053.5
3399,16353
3400,50491
3401,32881.5
3402,22558.5
3403,51385
3404,14589.5
3405,16587
3406,22976.5
3407,16727
3408,70084
3409,52754.5
3410,16903
3411,40780
3412,36864
3413,10765
3414,37313
3415,17370
3416,35891.5
3417,49645.5
3418,58960
3419,36553.5
3420,26524
3421,77851
3422,67705.5
3423,68039.5
3424,68373.5
3425,76412
3426,44154
3427,44375
3428,44624
3429,72833.5
3430,73174.5
3431,70706.5
3432,38520
3433,77417
3434,80079
3435,39120
3436,67395.5
3437,74860.5
3438,62260
3439,83689
3440,40402.5
3441,80184
3442,63519
3443,73221
3444,48249
3445,86342
3446,83740
3447,87052
3448,87404
3449,81388
3450,85135
3451,85484
3452,49728
3453,84324
3454,63159.5
3455,83436
3456,85349
3457,79086
3458,86038
3459,91074
3460,88685.5
3461,90494
3462,90845
3463,12951
3464,71125
3465,71429
3466,92254
3467,91069
3468,70015
3469,70308
3470,70602
3471,86357.5
3472,93272
3473,22670
3474,55197.5
3475,72086
3476,72380
3477,72649
3478,72942
3479,73228
3480,73516
3481,73805
3482,47697.5
3483,94680
3484,74680
3485,80783
3486,91428.5
3487,75549
3488,24163
3489,24186
3490,48886.5
3491,58718.5
3492,49272.5
3493,77281
3494,91440
3495,91773
3496,101676
3497,27455
3498,105944
3499,102244
3500,105807
3501,342
3502,679
3503,58
3504,888.5
3505,93
3506,2051
3507,2395
3508,2833
3509,3188
3510,3373
3511,2527
3512,3738
3513,3076.5
3514,2500.5
3515,3601.5
3516,2920
3517,5137.5
3518,6072
3519,6034
3520,4909.5
3521,6343.5
3522,787
3523,818
3524,872
3525,8220
3526,7324
3527,8350
3528,8654
3529,9789
3530,7455
3531,9593
3532,11357
3533,2045.5
3534,6464
3535,5740.5
3536,9970
3537,11709
3538,7314
3539,7524
3540,9992.5
3541,10112.5
3542,10375.5
3543,6386
3544,10842.5
3545,13941
3546,11299
3547,8942
3548,7965.5
3549,12130.5
3550,12408.5
3551,7531
3552,12827
3553,13180.5
3554,13403.5
3555,13651.5
3556,13920.5
3557,15850
3558,20561
3559,14542.5
3560,14799.5
3561,20007.5
3562,21999
3563,9726
3564,12559
3565,20853
3566,16656.5
3567,16886
3568,18019
3569,17591.5
3570,18676.5
3571,18978.5
3572,18495.5
3573,21649.5
3574,26408.5
3575,19405.5
3576,22256
3577,23761
3578,15156.5
3579,12526
3580,25255.5
3581,23626
3582,28986
3583,16242.5
3584,16549
3585,33037
3586,27587
3587,22167
3588,23316.5
3589,23615.5
3590,2980
3591,1275.5
3592,24408
3593,31340
3594,25100.5
3595,30216
3596,25693.5
3597,36716.5
3598,22214.5
3599,37582.5
3600,21017
3601,30763.5
3602,32417
3603,28796
3604,29118
3605,33465
3606,21617.5
3607,21839.5
3608,22191
3609,39921
3610,37096.5
3611,44597
3612,29470
3613,34105.5
3614,34527
3615,10943.5
3616,31808.5
3617,46488
3618,24391.5
3619,38960
3620,34095.5
3621,34278
3622,39316
3623,20547
3624,3890.5
3625,29109.5
3626,46714
3627,47100
3628,35143.5
3629,35432.5
3630,50346
3631,35981.5
3632,51541
3633,36986
3634,41564.5
3635,27716
3636,41918
3637,50980
3638,29589
3639,29799
3640,43485.5
3641,30233
3642,43400
3643,40586
3644,30646
3645,39904.5
3646,44550.5
3647,47660
3648,40708.5
3649,12591.5
3650,41273.5
3651,41560.5
3652,49172
3653,44498
3654,42186.5
3655,65225
3656,53365.5
3657,63634
3658,66492
3659,64415
3660,64808
3661,43585.5
3662,65607
3663,24497
3664,52703
3665,70559
3666,71025
3667,44685
3668,65064.5
3669,38794
3670,68911
3671,51459.5
3672,67336
3673,67727
3674,68113
3675,46430.5
3676,34133
3677,46784.5
3678,46886.5
3679,54968.5
3680,48855
3681,47115
3682,77666
3683,49673.5
3684,49607
3685,36035.5
3686,47933
3687,60457
3688,60747
3689,62784
3690,68762
3691,69103
3692,58183.5
3693,53453.5
3694,64284
3695,69145
3696,49673
3697,49847
3698,58990.5
3699,73719
3700,64529.5
3701,60408.5
3702,51075.5
3703,59599
3704,65354
3705,60069
3706,68915
3707,68210
3708,52072.5
3709,75746
3710,52018
3711,52593.5
3712,87426
3713,87817
3714,77127.5
3715,35011
3716,1799.5
3717,1799.5
3718,83423.5
3719,55887
3720,13379.5
3721,62606.5
3722,84569
3723,54652.5
3724,54238
3725,69607
3726,15712
3727,70178
3728,34174
3729,31735
3730,55444
3731,65051.5
3732,13592.5
3733,56648.5
3734,97633
3735,98100
3736,98518
3737,57394.5
3738,102241
3739,99817
3740,104177
3741,104658
3742,32864
3743,58797.5
3744,68549.5
3745,64704.5
3746,59503.5
3747,27210
3748,41687.5
3749,62366
3750,62554
3751,476.5
3752,591
3753,1172
3754,674
3755,2210
3756,2498
3757,1146.5
3758,2471
3759,3806
3760,4038.5
3761,5194.5
3762,2477.5
3763,2767.5
3764,3025.5
3765,7127.5
3766,5455.5
3767,5779.5
3768,6098.5
3769,8763.5
3770,7739
3771,8112
3772,8490
3773,10358
3774,11131
3775,10620
3776,10067
3777,11526
3778,11930
3779,13560.5
3780,14016.5
3781,13830
3782,14265
3783,5316.5
3784,7900.5
3785,5679.5
3786,12919
3787,11785
3788,15516.5
3789,17295
3790,16310.5
3791,17377.5
3792,18858
3793,18006
3794,19125.5
3795,20767.5
3796,17689
3797,8557
3798,15025
3799,16121.5
3800,18636
3801,23559.5
3802,24154.5
3803,22131
3804,1001
3805,24325
3806,26355
3807,26474.5
3808,27284
3809,26076
3810,27851.5
3811,28309.5
3812,27389
3813,28336.5
3814,14437
3815,28209
3816,23513.5
3817,18707
3818,21275
3819,31020.5
3820,24594.5
3821,32905.5
3822,25294.5
3823,30858.5
3824,27524.5
3825,10927.5
3826,10986.5
3827,36111
3828,34896.5
3829,24914
3830,14955
3831,17690.5
3832,3768.5
3833,36714
3834,38753
3835,16004
3836,18719.5
3837,40802
3838,31391
3839,41779
3840,33070
3841,1654
3842,43250
3843,43744
3844,43382.5
3845,42113
3846,45214
3847,5069.5
3848,46196
3849,39222.5
3850,46421.5
3851,42215
3852,47588.5
3853,48057.5
3854,23480
3855,44496.5
3856,47636.5
3857,50516
3858,5285.5
3859,34155
3860,30944
3861,21245
3862,51732.5
3863,31800
3864,53882
3865,36047
3866,54830
3867,49520
3868,48033.5
3869,51341
3870,40632
3871,36129
3872,56422.5
3873,47078.5
3874,55711.5
3875,21302
3876,2547.5
3877,2441
3878,56204.5
3879,39220
3880,44062
3881,43130.5
3882,58909
3883,56069
3884,59252
3885,59704
3886,60156
3887,57443
3888,52368
3889,52760
3890,53151
3891,27544
3892,59603
3893,66111.5
3894,67986
3895,55112
3896,2685
3897,69369
3898,56296
3899,62634
3900,57438
3901,71213
3902,70334.5
3903,30417
3904,30651
3905,70738.5
3906,71199.5
3907,31376
3908,31600
3909,53577.5
3910,74149
3911,36893.5
3912,49167
3913,67369
3914,75337.5
3915,70393
3916,38263.5
3917,38134.5
3918,27653.5
3919,77033.5
3920,77419.5
3921,77805.5
3922,72279
3923,35253
3924,35491
3925,35719
3926,73772
3927,78092
3928,78475
3929,80891.5
3930,79242
3931,81937
3932,65188.5
3933,76381
3934,78642
3935,81155
3936,37959
3937,83978.5
3938,82299
3939,84746.5
3940,38761
3941,32062.5
3942,32308.5
3943,32485.5
3944,80932
3945,39880
3946,32968.5
3947,85723
3948,82431
3949,33688.5
3950,87580
3951,33981.5
3952,88905.5
3953,74401
3954,89676.5
3955,90062.5
3956,73398.5
3957,72878.5
3958,73219.5
3959,93770.5
3960,91983.5
3961,74240.5
3962,83191
3963,50432
3964,64674
3965,86114.5
3966,97503
3967,97889
3968,98275
3969,98661
3970,99047
3971,69961
3972,99819
3973,68342
3974,38139.5
3975,100977
3976,71537
3977,69563
3978,69871
3979,101812.5
3980,99084
3981,70797
3982,95631
3983,104065
3984,96427.5
3985,71035
3986,40495.5
3987,40681.5
3988,68740
3989,100405.5
3990,100317
3991,100051
3992,101075
3993,86975.5
3994,104753.5
3995,70685
3996,70983
3997,109469
3998,78459
3999,94294
4000,101329
4001,363
4002,686
4003,973
4004,1237.5
4005,1517
4006,1835
4007,2147
4008,2464
4009,3252
4010,2028
4011,3741
4012,220.5
4013,3249.5
4014,2638.5
4015,2308
4016,3122.5
4017,2576
4018,5406
4019,3161.5
4020,3061
4021,3254
4022,6100
4023,7408.5
4024,7998
4025,8041.5
4026,4164
4027,8998
4028,5656.5
4029,5991.5
4030,2113
4031,1537.5
4032,9355
4033,11909
4034,6528
4035,6821
4036,14318
4037,7411
4038,2859.5
4039,334.5
4040,914
4041,815.5
4042,880.5
4043,997.5
4044,2242.5
4045,3004.5
4046,2663.5
4047,3376
4048,3334.5
4049,3667.5
4050,5385
4051,2788.5
4052,4758
4053,3772
4054,3863
4055,3584.5
4056,5890
4057,3436.5
4058,1704
4059,8080.5
4060,7858
4061,9439.5
4062,8941.5
4063,10617
4064,11020
4065,11778.5
4066,10074.5
4067,13066
4068,7040.5
4069,13526.5
4070,12867
4071,12531
4072,12391
4073,15669.5
4074,7166
4075,7372
4076,13993.5
4077,6771.5
4078,17771
4079,8770.5
4080,18470.5
4081,17779.5
4082,19321.5
4083,20016
4084,2788
4085,4049.5
4086,11272
4087,20498
4088,20704
4089,21142.5
4090,22963
4091,21948.5
4092,23578.5
4093,19974
4094,2838
4095,2854
4096,21590
4097,3177
4098,25204.5
4099,3236
4100,19360
4101,14642
4102,18859.5
4103,3341
4104,14485.5
4105,15531
4106,26475.5
4107,23698
4108,27236.5
4109,28530
4110,22686.5
4111,13382
4112,33159.5
4113,26075
4114,3275
4115,16434.5
4116,21653.5
4117,30794
4118,34863
4119,32054
4120,35752
4121,30228.5
4122,28947
4123,18121
4124,25029
4125,37939
4126,37951.5
4127,34608.5
4128,32009
4129,39619
4130,37498.5
4131,35991
4132,40858
4133,41350
4134,30027
4135,29538.5
4136,43610.5
4137,44013.5
4138,37900.5
4139,46144
4140,420.5
4141,694
4142,1448
4143,1845
4144,1529
4145,2693
4146,3313.5
4147,3573.5
4148,4059
4149,4515
4150,4030.5
4151,1988.5
4152,5847.5
4153,6337
4154,6792
4155,7248
4156,7703
4157,8158
4158,8707.5
4159,3703.5
4160,9619.5
4161,9225
4162,7557
4163,9518
4164,11440.5
4165,11449
4166,5233.5
4167,12874
4168,13267.5
4169,13623
4170,14179.5
4171,14005
4172,14448
4173,6752.5
4174,15999.5
4175,16455.5
4176,10278.5
4177,16023
4178,8632.5
4179,14400.5
4180,14763.5
4181,14474
4182,16069.5
4183,20042
4184,20498
4185,21126
4186,21449
4187,17933.5
4188,18276.5
4189,18623.5
4190,22967.5
4191,18349
4192,18684
4193,19025
4194,18483.5
4195,24877.5
4196,25134
4197,21375.5
4198,25111
4199,26387
4200,25871
4201,26243
4202,26621
4203,13524.5
4204,28299
4205,21757
4206,27559.5
4207,29443
4208,29824
4209,25388
4210,24711
4211,26773.5
4212,31379
4213,23245
4214,32114
4215,26735.5
4216,354.5
4217,721.5
4218,1139.5
4219,1517.5
4220,1721.5
4221,1747
4222,2023
4223,3041.5
4224,2788.5
4225,3597.5
4226,3961.5
4227,1401.5
4228,4845.5
4229,5060.5
4230,5393.5
4231,5759.5
4232,6116.5
4233,6481.5
4234,3786
4235,7598.5
4236,2090.5
4237,8045
4238,8406
4239,8763
4240,9232
4241,3333
4242,7740
4243,4886
4244,10758.5
4245,3956
4246,3239.5
4247,4303
4248,12236.5
4249,12608.5
4250,4821
4251,347
4252,300
4253,987
4254,1516.5
4255,1890.5
4256,67
4257,2359.5
4258,134
4259,1953.5
4260,155
4261,3976
4262,4337
4263,4693
4264,5313.5
4265,5694.5
4266,5613
4267,2505
4268,950
4269,3013
4270,2840
4271,6314
4272,7727
4273,7769.5
4274,8029.5
4275,6278.5
4276,1297
4277,3832
4278,9594
4279,10183
4280,6043.5
4281,10880
4282,11236
4283,11524
4284,12721.5
4285,6586
4286,5108
4287,1797
4288,5364
4289,300
4290,399
4291,670
4292,129
4293,1774.5
4294,1477
4295,2269.5
4296,1957
4297,2863
4298,1544
4299,2651
4300,4110
4301,2884
4302,2220.5
4303,2488.5
4304,4191
4305,5226
4306,4396
4307,7848
4308,3713.5
4309,3933.5
4310,4148.5
4311,4912
4312,7039.5
4313,7354.5
4314,7646.5
4315,9393
4316,6053
4317,10919.5
4318,10390
4319,11673.5
4320,12493.5
4321,10420.5
4322,12820.5
4323,12161
4324,14051.5
4325,7930
4326,14338.5
4327,15216.5
4328,12646
4329,12899
4330,11000
4331,13236.5
4332,13160.5
4333,13463.5
4334,14479
4335,14949.5
4336,15284.5
4337,14722.5
4338,15786
4339,15365.5
4340,13760
4341,15968.5
4342,18094
4343,18439
4344,18774
4345,19104
4346,16490
4347,16739.5
4348,10825.5
4349,20482
4350,20819
4351,23498.5
4352,14443
4353,11582.5
4354,19967.5
4355,17746
4356,24584.5
4357,25781
4358,26149
4359,26525
4360,26894
4361,27268
4362,28426
4363,22783.5
4364,29196
4365,17469
4366,22384
4367,27942
4368,18181
4369,4022
4370,18684
4371,22806
4372,19365
4373,22887
4374,19900
4375,23230
4376,26787.5
4377,20494
4378,20771
4379,28943
4380,28760
4381,17246
4382,37621
4383,19565.5
4384,22141
4385,4720
4386,24088
4387,22894
4388,22971
4389,29067.5
4390,394.5
4391,502
4392,873
4393,269.5
4394,390
4395,2288
4396,2040
4397,586
4398,569.5
4399,2281
4400,2284
4401,3773
4402,4625
4403,4297
4404,1822.5
4405,5582
4406,3797
4407,5410
4408,467.5
4409,3762
4410,4594
4411,3699
4412,8332.5
4413,8487
4414,9333
4415,3066.5
4416,7861
4417,10658
4418,8545.5
4419,4584.5
4420,11896
4421,4900.5
4422,4431
4423,782.5
4424,7343.5
4425,13668
4426,14043
4427,823.5
4428,8042.5
4429,11215
4430,11462
4431,11722
4432,9868
4433,10132
4434,14291
4435,1518
4436,13988
4437,5539.5
4438,12522
4439,17864.5
4440,18220.5
4441,19403.5
4442,16808
4443,11505.5
4444,21160
4445,11803.5
4446,20662
4447,22113
4448,13034
4449,12356.5
4450,17858.5
4451,18177.5
4452,22571.5
4453,11285
4454,8631
4455,6485
4456,18575
4457,6178.5
4458,5843.5
4459,19913.5
4460,6220.5
4461,17250
4462,28203
4463,18809
4464,19131
4465,19462
4466,412
4467,243.5
4468,533.5
4469,722.5
4470,1494.5
4471,2888
4472,2094
4473,3846
4474,4269
4475,4370
4476,3207
4477,3447
4478,4969.5
4479,5948
4480,3530
4481,7389
4482,7969
4483,8421
4484,8738
4485,9161
4486,5603
4487,10037.5
4488,10409
4489,8095
4490,11026
4491,7319
4492,5296.5
4493,11166
4494,6179.5
4495,11817
4496,6556
4497,11453.5
4498,509.5
4499,4982.5
4500,5140.5
4501,471
4502,726
4503,1380
4504,1821
4505,2343
4506,2644
4507,424.5
4508,3512
4509,2605.5
4510,4387
4511,4036.5
4512,4575
4513,4951
4514,6165
4515,6606
4516,3916
4517,5600.5
4518,6365
4519,6702
4520,5858.5
4521,7899
4522,9688.5
4523,1469.5
4524,6247
4525,1477.5
4526,11803
4527,10144
4528,6977
4529,10831
4530,11377.5
4531,13032
4532,14306
4533,12866
4534,14225
4535,15524
4536,7099.5
4537,6483
4538,15228.5
4539,348
4540,26
4541,680.5
4542,55
4543,1781
4544,2138
4545,147
4546,2608
4547,2086.5
4548,3170
4549,2496.5
4550,483.5
4551,1506.5
4552,3529
4553,3076.5
4554,6414.5
4555,1931.5
4556,1982.5
4557,2285.5
4558,7086.5
4559,1968
4560,8974.5
4561,3929
4562,7682.5
4563,6583.5
4564,9456
4565,4692
4566,10220.5
4567,11332.5
4568,5422.5
4569,5668.5
4570,12615.5
4571,15397.5
4572,15629
4573,6697.5
4574,16061.5
4575,10701
4576,14216
4577,14551
4578,14893
4579,8053.5
4580,17945.5
4581,19912
4582,16247
4583,18600
4584,20588.5
4585,15329.5
4586,19674
4587,9603.5
4588,22015
4589,22478.5
4590,14543.5
4591,10295.5
4592,23301.5
4593,22336.5
4594,20314
4595,24746.5
4596,25124.5
4597,17628.5
4598,17243
4599,17513
4600,17804
4601,27014.5
4602,22469
4603,22806
4604,28205.5
4605,25206
4606,28961.5
4607,19211.5
4608,19518.5
4609,30036.5
4610,26646
4611,30788.5
4612,31225.5
4613,31603.5
4614,31981.5
4615,32359.5
4616,29189.5
4617,33114.5
4618,33223.5
4619,34244
4620,34622
4621,35000
4622,29476
4623,24228
4624,34999
4625,36512
4626,36890
4627,37268
4628,37646
4629,38024
4630,38402
4631,38780
4632,38720.5
4633,18258.5
4634,28185.5
4635,28475.5
4636,40603.5
4637,35993
4638,41359.5
4639,29629.5
4640,340
4641,728
4642,1073
4643,1416.5
4644,1765.5
4645,1961
4646,2595
4647,2971
4648,2846.5
4649,3157.5
4650,2767.5
4651,4481.5
4652,4262
4653,2021
4654,2182
4655,3068.5
4656,2515
4657,5707.5
4658,6404
4659,6566
4660,6791.5
4661,6962.5
4662,7276.5
4663,4472.5
4664,3891
4665,4074
4666,4272
4667,4293
4668,4462
4669,4646
4670,4821
4671,4853
4672,8025.5
4673,9634
4674,6447.5
4675,13251.5
4676,13928
4677,11601.5
4678,6269
4679,6139
4680,9971.5
4681,6356
4682,14586.5
4683,736.5
4684,6765
4685,6958
4686,14864.5
4687,13652
4688,13938
4689,7610
4690,7777
4691,2527.5
4692,18360
4693,10966.5
4694,17379.5
4695,16700.5
4696,11721
4697,20192
4698,22546.5
4699,23094
4700,17059
4701,18567.5
4702,23793
4703,12162.5
4704,19706.5
4705,24921
4706,9177
4707,9204
4708,26637
4709,1043.5
4710,9416
4711,23633
4712,9706
4713,9748
4714,23738.5
4715,29000
4716,435.5
4717,857.5
4718,828.5
4719,1067
4720,2205
4721,2531
4722,2771.5
4723,2635.5
4724,2889
4725,2929.5
4726,2627
4727,2645
4728,6051
4729,4462
4730,5066.5
4731,2990.5
4732,3289.5
4733,7610
4734,8879
4735,6505.5
4736,9827
4737,10301
4738,6926
4739,7362.5
4740,11640
4741,6964
4742,6268.5
4743,13062
4744,12893.5
4745,10271
4746,7477.5
4747,14516
4748,2793.5
4749,2963.5
4750,9764
4751,241
4752,891.5
4753,1322
4754,1774
4755,2089
4756,2537
4757,2506
4758,2279
4759,3401
4760,1381.5
4761,4751
4762,5167.5
4763,4936
4764,5949
4765,431.5
4766,6808.5
4767,6334
4768,2718
4769,5988.5
4770,454.5
4771,919.5
4772,1399.5
4773,532
4774,2399
4775,2920
4776,2121
4777,930
4778,2975.5
4779,3421.5
4780,1197.5
4781,5726
4782,3563
4783,3904
4784,4240
4785,2681
4786,6390.5
4787,6780.5
4788,7172.5
4789,8268.5
4790,8942
4791,9135.5
4792,7609.5
4793,8402.5
4794,9637.5
4795,10031.5
4796,12745.5
4797,13034.5
4798,11570
4799,13892
4800,14142.5
4801,6849
4802,15428
4803,15890
4804,11199
4805,14215.5
4806,16974
4807,15017.5
4808,16488.5
4809,15822.5
4810,13595
4811,833.5
4812,9586.5
4813,9825.5
4814,19089.5
4815,18231.5
4816,22013.5
4817,22501.5
4818,20817.5
4819,23397.5
4820,23885.5
4821,18633.5
4822,24706
4823,25322
4824,2589.5
4825,23716.5
4826,24096.5
4827,24508.5
4828,2773.5
4829,11037
4830,2955.5
4831,26100.5
4832,26524.5
4833,29661
4834,3056.5
4835,3070.5
4836,23110.5
4837,32174.5
4838,29682
4839,3152.5
4840,33096
4841,26743
4842,27103
4843,26480.5
4844,23583.5
4845,28018.5
4846,28381.5
4847,29709.5
4848,31397
4849,31784
4850,25451.5
4851,37675.5
4852,32459.5
4853,32878.5
4854,40300.5
4855,40285
4856,40125.5
4857,41057
4858,41977.5
4859,42463.5
4860,43238.5
4861,39546
4862,35937.5
4863,4452.5
4864,18340
4865,30338
4866,41013.5
4867,46457
4868,38965.5
4869,2876.5
4870,42741.5
4871,432.5
4872,872.5
4873,1289.5
4874,1723.5
4875,1489
4876,1796
4877,2091
4878,1424
4879,4103.5
4880,4212.5
4881,2769
4882,3550
4883,3797
4884,1505.5
4885,6469.5
4886,6260
4887,7340.5
4888,7695.5
4889,5885.5
4890,5498
4891,7625.5
4892,6286.5
4893,10663.5
4894,5340
4895,3777.5
4896,3796.5
4897,3807.5
4898,12505.5
4899,12213.5
4900,13308.5
4901,13720.5
4902,12941.5
4903,6065
4904,7205
4905,9347.5
4906,11479.5
4907,14664
4908,3998
4909,15260.5
4910,6372
4911,6406
4912,9084
4913,18603.5
4914,19011.5
4915,9500
4916,9564
4917,18197.5
4918,19460
4919,6601.5
4920,12862
4921,18731.5
4922,6797
4923,23093
4924,6551.5
4925,22239.5
4926,22865.5
4927,24590.5
4928,10879
4929,24078.5
4930,24266.5
4931,26642
4932,27071
4933,10741
4934,24610.5
4935,27641
4936,16297.5
4937,13870
4938,27594.5
4939,29686
4940,30104
4941,30533
4942,28118
4943,28537
4944,32294.5
4945,694.5
4946,8799
4947,404.5
4948,794
4949,763.5
4950,647
4951,2380
4952,2518.5
4953,2132.5
4954,2424.5
4955,3855.5
4956,4299
4957,4072.5
4958,3515
4959,1694.5
4960,4187
4961,5088
4962,5088.5
4963,5341.5
4964,8602
4965,7249
4966,9725.5
4967,10212.5
4968,6738.5
4969,7038.5
4970,10389.5
4971,7701
4972,8975.5
4973,9268.5
4974,10953.5
4975,13385
4976,13334
4977,13657
4978,14265.5
4979,14686
4980,14626
4981,15196
4982,4299.5
4983,7805
4984,16301
4985,15145.5
4986,321
4987,599
4988,867
4989,926.5
4990,811
4991,293
4992,290.5
4993,929.5
4994,1121.5
4995,1529
4996,292
4997,629.5
4998,946.5
4999,557
5000,1615
5001,301.5
5002,636
5003,956
5004,1059
5005,485
5006,623
5007,762
5008,2239.5
5009,2866
5010,3130
5011,2074
5012,3162
5013,4130
5014,4298
5015,631
5016,4913
5017,3393
5018,5536
5019,5845
5020,6419.5
5021,2795.5
5022,1858.5
5023,888
5024,1944
5025,1985
5026,7992
5027,8302
5028,8614
5029,8928
5030,9232
5031,9792
5032,2666
5033,7294
5034,4759.5
5035,2361
5036,11084
5037,11392
5038,11703
5039,12187
5040,11685
5041,12896.5
5042,5078
5043,13714
5044,11812
5045,7339
5046,5603
5047,5718
5048,15277.5
5049,14949
5050,15903.5
5051,6150
5052,1889
5053,16858.5
5054,17178.5
5055,16832.5
5056,17139.5
5057,12987
5058,18303
5059,16371.5
5060,3968
5061,17905
5062,4147
5063,14376
5064,4288
5065,20847.5
5066,21168.5
5067,15164
5068,15417
5069,21946.5
5070,9523.5
5071,2671
5072,22605
5073,9748.5
5074,18455.5
5075,19051
5076,20294.5
5077,21195
5078,24817.5
5079,17931
5080,20152
5081,18408
5082,24071
5083,24362
5084,24658
5085,22136
5086,22661.5
5087,21778.5
5088,23958
5089,23475.5
5090,23485
5091,24024.5
5092,29241.5
5093,24570.5
5094,29877.5
5095,30195.5
5096,12681.5
5097,7070
5098,30767
5099,7144
5100,377.5
5101,22813
5102,23067
5103,32224
5104,1684.5
5105,13657.5
5106,13814.5
5107,1736.5
5108,1761.5
5109,1782.5
5110,6866
5111,14613.5
5112,7954
5113,1810.5
5114,25917
5115,26101
5116,18239
5117,29291.5
5118,15128.5
5119,29818.5
5120,27148
5121,27410
5122,15560.5
5123,15718.5
5124,27982
5125,15881.5
5126,16043.5
5127,16095.5
5128,1293.5
5129,16434.5
5130,16609.5
5131,16759.5
5132,7925
5133,7942
5134,8336
5135,16518
5136,1343.5
5137,34304.5
5138,31142
5139,31334
5140,44441.5
5141,37744
5142,17973.5
5143,38278
5144,41371
5145,32907
5146,39316
5147,39537.5
5148,45866.5
5149,1627.5
5150,15906.5
5151,47031.5
5152,48747.5
5153,10800
5154,35111
5155,5901
5156,41208
5157,19542.5
5158,39751
5159,36012
5160,36330
5161,40392.5
5162,6634
5163,6691
5164,6761
5165,37944
5166,21314.5
5167,20725
5168,38779
5169,39057
5170,46688
5171,432
5172,116.5
5173,1067
5174,1362.5
5175,1689
5176,356
5177,642
5178,1223.5
5179,1719
5180,2072
5181,437.5
5182,376
5183,1031.5
5184,902
5185,532.5
5186,444
5187,275.5
5188,1258
5189,1680
5190,1790.5
5191,377
5192,846
5193,1265
5194,1681
5195,2109.5
5196,2182
5197,2547
5198,3345
5199,3377
5200,4039
5201,786.5
5202,3909.5
5203,4758.5
5204,1460.5
5205,475.5
5206,6712
5207,6218.5
5208,5128
5209,6363
5210,4878.5
5211,390
5212,476.5
5213,1126
5214,1777
5215,514
5216,1734
5217,2714
5218,2700
5219,254
5220,4240
5221,4371
5222,5361
5223,3829
5224,4030
5225,587.5
5226,6093.5
5227,6574
5228,6094.5
5229,6151
5230,6456
5231,475
5232,463.5
5233,1456
5234,1742
5235,2178.5
5236,1918
5237,3202
5238,1029
5239,4111
5240,3401
5241,3170
5242,5480
5243,6232.5
5244,5217
5245,4321
5246,7644.5
5247,6023.5
5248,6131
5249,9052.5
5250,9492
5251,465.5
5252,742
5253,101
5254,1143.5
5255,1285.5
5256,2568.5
5257,2034
5258,241
5259,3483
5260,1718
5261,1451
5262,3919.5
5263,3600.5
5264,337
5265,349
5266,6978
5267,7038.5
5268,505
5269,7834.5
5270,8779.5
5271,9183.5
5272,8290.5
5273,770
5274,799
5275,9278.5
5276,11203.5
5277,11039.5
5278,7245
5279,12415.5
5280,12819.5
5281,12903.5
5282,11647
5283,12232.5
5284,14290
5285,13297
5286,15098
5287,15498
5288,16049.5
5289,14185
5290,16857.5
5291,16744
5292,15578.5
5293,17830
5294,18231
5295,18633
5296,19034
5297,19011.5
5298,19508
5299,20087.5
5300,20321.5
5301,20709
5302,14771.5
5303,21059.5
5304,21709
5305,19301.5
5306,22901.5
5307,23300.5
5308,23696.5
5309,24095.5
5310,24462.5
5311,24863.5
5312,25739.5
5313,25658.5
5314,24259
5315,26495.5
5316,25683
5317,24859.5
5318,25481.5
5319,22294.5
5320,28110.5
5321,28510.5
5322,28963.5
5323,30166
5324,14621
5325,24279.5
5326,28937
5327,30696
5328,29532
5329,30073
5330,6580.5
5331,22367
5332,28759.5
5333,29101.5
5334,29448.5
5335,29800.5
5336,30150.5
5337,30506.5
5338,30862.5
5339,31212.5
5340,34234
5341,318
5342,558.5
5343,301.5
5344,654.5
5345,541.5
5346,1231
5347,117
5348,1006
5349,3025.5
5350,1477.5
5351,3136
5352,3707
5353,4008
5354,1882
5355,2258
5356,2835.5
5357,3602
5358,2321.5
5359,3929
5360,7800
5361,431.5
5362,605
5363,1306
5364,1735
5365,1499
5366,1749
5367,2354
5368,3491
5369,3465.5
5370,621
5371,4752
5372,4582.5
5373,4967.5
5374,5934.5
5375,5511.5
5376,1908
5377,6890
5378,7271
5379,6917.5
5380,7284.5
5381,356.5
5382,876
5383,99.5
5384,1705.5
5385,1775.5
5386,2553.5
5387,2276.5
5388,3273
5389,2926.5
5390,3648
5391,3310.5
5392,3997.5
5393,4331.5
5394,5032
5395,3644
5396,5453
5397,6025
5398,4451
5399,6464
5400,22
5401,343.5
5402,471.5
5403,374.5
5404,784.5
5405,2066
5406,1050.5
5407,1264.5
5408,3140.5
5409,3885
5410,3954
5411,2834
5412,2316.5
5413,4953.5
5414,6131.5
5415,5878.5
5416,391
5417,926
5418,1191
5419,1938.5
5420,1285.5
5421,2214.5
5422,3405.5
5423,1588
5424,2190
5425,4385
5426,4818
5427,5209
5428,6304
5429,5647
5430,5489.5
