i,result
1,154983
2,172296.5
3,181484
4,100868
5,180297
6,179271
7,149985
8,126014.5
9,170726.5
10,160893
11,166003
12,167488
13,163871.5
14,168727
15,181297
16,177610
17,170989
18,181688
19,183118.5
20,107230.5
21,183470
22,158134
23,162102.5
24,136825.5
25,132601
26,162140
27,165504.5
28,124106
29,154693
30,151577.5
31,140720.5
32,141962.5
33,168536
34,158938.5
35,150052
36,151568.5
37,157514.5
38,150648
39,115064.5
40,138642.5
41,136749
42,109066
43,145351.5
44,143932
45,141134
46,152960
47,148685
48,142444
49,128407
50,139259
51,161691.5
52,159459
53,152427
54,42368
55,156543.5
56,170169.5
57,123468.5
58,131637
59,163227.5
60,140585.5
61,127176
62,86218
63,60449.5
64,176723.5
65,136653
66,69659
67,114202
68,162441.5
69,173730.5
70,163260.5
71,94012.5
72,98410.5
73,112213.5
74,87504
75,183578
76,84575.5
77,94937
78,168404
79,176931.5
80,140475
81,177174.5
82,176664
83,176523.5
84,177330.5
85,146888.5
86,130799.5
87,162080
88,82364.5
89,182356
90,169458
91,142397.5
92,156557.5
93,168857
94,162401.5
95,173877
96,170571.5
97,156452
98,158638.5
99,129259
100,92145.5
101,142449
102,97415.5
103,171998
104,126371.5
105,179458.5
106,139852
107,110597
108,182551.5
109,116956.5
110,111044.5
111,127521
112,72544.5
113,90031
114,115702.5
115,86628
116,67370.5
117,96957.5
118,92522.5
119,103004
120,90022.5
121,130188
122,88812.5
123,172119
124,112562
125,180325.5
126,87488
127,153036.5
128,157381
129,158089.5
130,155639.5
131,153434
132,62395
133,88317.5
134,148269.5
135,135031
136,149113
137,161833.5
138,162298
139,155941.5
140,11106
141,147085.5
142,15567.5
143,149273.5
144,147761
145,158873.5
146,143978.5
147,152549.5
148,148749.5
149,161650
150,160329
151,158970.5
152,137715.5
153,132562.5
154,168972.5
155,124400.5
156,138245
157,111702.5
158,161679.5
159,156630.5
160,169040
161,157004.5
162,155324
163,152524.5
164,171156
165,164861
166,142359.5
167,120274.5
168,154754
169,147541.5
170,154467.5
171,144452
172,155246
173,155082.5
174,173100.5
175,148018
176,96208
177,108750
178,37643.5
179,148225
180,137538
181,156854.5
182,70699
183,4755.5
184,106193
185,117914
186,78834
187,74949.5
188,130718
189,60641.5
190,121481
191,28981
192,146145.5
193,164904
194,178455.5
195,180337.5
196,57371.5
197,177745.5
198,173785.5
199,180783
200,170176
201,181600.5
202,182352
203,55641.5
204,156466.5
205,182847.5
206,164828
207,168122.5
208,165446
209,173856
210,157042
211,147878.5
212,144422
213,180426.5
214,118123
215,179062.5
216,159833
217,169020.5
218,177244
219,183355
220,178155
221,169607
222,167173.5
223,99143
224,171191.5
225,171847
226,183278.5
227,155882
228,156220.5
229,167480.5
230,169126
231,181004.5
232,174903
233,177408.5
234,180849
235,160583.5
236,182612
237,174632.5
238,144853.5
239,165216
240,135231
241,121299
242,78927
243,181919.5
244,178373.5
245,177143
246,182528.5
247,180668
248,179326.5
249,169749.5
250,169253.5
251,152995.5
252,151054
253,131211
254,136963
255,171928
256,167562
257,157534
258,169167.5
259,157816
260,181585.5
261,162116
262,158463.5
263,180095.5
264,179150
265,145932.5
266,178764
267,179904.5
268,182665
269,175598
270,151735.5
271,181398
272,178602
273,182326.5
274,180324.5
275,181774
276,178243
277,177899.5
278,176361.5
279,174628.5
280,40791.5
281,181822.5
282,127651.5
283,116678.5
284,177975.5
285,167101
286,172015.5
287,165500.5
288,165808
289,156142
290,154301
291,161342.5
292,164362
293,182289.5
294,181463.5
295,172743
296,161823
297,130737.5
298,145998.5
299,180303.5
300,181754.5
301,132448
302,106111.5
303,148624.5
304,136221.5
305,153113.5
306,152941.5
307,134316
308,159433
309,104613.5
310,159596
311,157115
312,151239
313,94702
314,161122
315,158770
316,150844
317,141091
318,125953
319,47363
320,171243
321,129529
322,177812.5
323,142724.5
324,172456
325,178015
326,180752.5
327,179521
328,178414.5
329,170252
330,158828.5
331,179189.5
332,179499
333,177301
334,171883
335,182902.5
336,178349.5
337,128293
338,177652
339,154982
340,177965.5
341,119494.5
342,132733.5
343,177389.5
344,181649
345,178774.5
346,169331
347,178228
348,173850
349,153822.5
350,175976.5
351,175476
352,174558
353,170347
354,159548
355,157075.5
356,130898.5
357,159047
358,160046.5
359,36560
360,158479.5
361,120624
362,181823
363,156615.5
364,167466
365,130771
366,152569.5
367,149466.5
368,182601.5
369,172140
370,139090
371,183187.5
372,177431
373,177354
374,128441
375,163596.5
376,181613.5
377,147871
378,173308.5
379,154475
380,167237.5
381,132074.5
382,125549.5
383,98507.5
384,104341.5
385,66924.5
386,172882.5
387,116992
388,131059
389,75470
390,116414.5
391,156288.5
392,168174.5
393,178905
394,156554.5
395,122093
396,181829
397,163440
398,179429.5
399,175139
400,174306.5
401,174245
402,182201
403,141542
404,143533.5
405,135719.5
406,144443
407,93338.5
408,147798
409,113783
410,129721
411,159983.5
412,175235
413,166406.5
414,166242
415,177323
416,176232
417,171819
418,151653.5
419,162788.5
420,172490.5
421,173316
422,166001
423,168280.5
424,178264
425,175523
426,169147.5
427,173436.5
428,151612.5
429,173126.5
430,181143
431,174438
432,177910.5
433,180005
434,134908
435,147101.5
436,12216
437,156043.5
438,30381.5
439,152408.5
440,154945
441,99182
442,6510
443,149040.5
444,9837.5
445,146205.5
446,166723.5
447,182497
448,178986
449,168923
450,96136
451,166263.5
452,167667
453,112183
454,165739
455,158383.5
456,102198
457,156939.5
458,149352
459,157836.5
460,149142.5
461,154619
462,141643
463,142892.5
464,144263.5
465,159341.5
466,141469
467,170141.5
468,119899.5
469,158406.5
470,144253.5
471,144747.5
472,135181.5
473,176444
474,164708.5
475,168162
476,50004
477,48983.5
478,61556
479,143286.5
480,162292.5
481,166525
482,134800.5
483,147417
484,112755
485,123024
486,145601
487,23845
488,170233.5
489,170922.5
490,118825.5
491,127712
492,139747
493,104695.5
494,135586.5
495,153243.5
496,170841
497,169208.5
498,8869.5
499,161062.5
500,161933.5
501,23395.5
502,96161
503,166317
504,119566.5
505,129421
506,162194
507,88650
508,137426
509,82167
510,155816
511,181713
512,162020.5
513,157962
514,7284.5
515,153003
516,151490.5
517,152802
518,162438.5
519,48344
520,160681.5
521,126533
522,110474.5
523,13194.5
524,155935
525,145628
526,134824
527,146362.5
528,146157.5
529,144331.5
530,147875
531,156257.5
532,160959.5
533,159366.5
534,9771
535,162332.5
536,151218
537,162682.5
538,43179.5
539,155862
540,116160.5
541,140927
542,148709
543,163023.5
544,137472.5
545,162118
546,158096.5
547,157692
548,96105.5
549,151575.5
550,133395.5
551,139233
552,158534.5
553,170991.5
554,159252
555,140814.5
556,37847
557,154819.5
558,153341
559,144676
560,130854.5
561,169072.5
562,143307.5
563,157343
564,144939.5
565,117992
566,38571.5
567,71995
568,177262.5
569,160795
570,173466.5
571,107119
572,5145
573,125746
574,125195
575,127149.5
576,120838
577,150416.5
578,131851
579,148566.5
580,123439.5
581,176172
582,101846.5
583,10062
584,146527.5
585,103404
586,47651
587,43963.5
588,10158
589,42536.5
590,117376.5
591,160960.5
592,136427.5
593,121144.5
594,102248.5
595,22642
596,143174
597,63544.5
598,162729
599,137623.5
600,163313
601,136141.5
602,101559
603,45267.5
604,134110.5
605,42089
606,158017.5
607,94459
608,6746
609,84870
610,67494.5
611,81685.5
612,98717.5
613,94592.5
614,131413.5
615,17286
616,30484
617,91762
618,169754.5
619,119038.5
620,159607
621,22328
622,47183.5
623,94299
624,114661
625,164493.5
626,23061.5
627,66222
628,2449.5
629,136641
630,61209.5
631,2176
632,30727.5
633,116184
634,40064.5
635,35135.5
636,33716.5
637,40627.5
638,112107
639,44057
640,45668
641,1914.5
642,106538
643,75043.5
644,132362
645,131744
646,55952.5
647,92993.5
648,35941
649,133901.5
650,151756
651,144985
652,4918.5
653,38760
654,152887.5
655,106144.5
656,176032.5
657,143607
658,146154
659,134797
660,171685.5
661,170003.5
662,162336
663,170961
664,172856.5
665,158071
666,162013
667,169881.5
668,133392.5
669,169167
670,181860
671,149656
672,153374.5
673,137906.5
674,107564
675,140519.5
676,150252
677,154585
678,153025.5
679,160210
680,151651
681,118726
682,154445.5
683,155639
684,148121.5
685,152026.5
686,101170.5
687,131278.5
688,152315.5
689,147546
690,148928.5
691,138602.5
692,154075.5
693,143368.5
694,146139.5
695,169196.5
696,156528.5
697,144503.5
698,111983.5
699,98233
700,105455.5
701,45994
702,22041
703,35366.5
704,164625.5
705,156724.5
706,153903
707,109996
708,94000.5
709,133834
710,144668
711,96129.5
712,150578
713,144655.5
714,142583
715,100722
716,130361
717,164771.5
718,166369.5
719,134469.5
720,116978.5
721,153427
722,167406.5
723,166045.5
724,136192
725,154702
726,12548.5
727,158903
728,2501.5
729,162944.5
730,50650.5
731,36847
732,57869.5
733,88383.5
734,92934
735,44366.5
736,39141
737,81027.5
738,26128
739,127192.5
740,65360.5
741,37637
742,148433
743,161893
744,148749
745,150118.5
746,139186.5
747,144311.5
748,145890.5
749,124257.5
750,145037.5
751,120061.5
752,143996
753,161631.5
754,94548.5
755,162444
756,139214
757,149094
758,144032
759,154180
760,150851
761,154965.5
762,155590.5
763,161395
764,147880
765,175851.5
766,10336
767,133835
768,143104
769,149110.5
770,117570
771,151112
772,151929
773,103995.5
774,148499
775,125283
776,2877.5
777,4160.5
778,154964.5
779,27008.5
780,152878.5
781,158570.5
782,145875.5
783,121262
784,28163
785,117315.5
786,101567
787,70291.5
788,58683
789,131485
790,109244.5
791,159355
792,100376.5
793,121643.5
794,158427.5
795,116460
796,122958.5
797,149465.5
798,151356
799,123965.5
800,153721
801,154865
802,149359
803,27412.5
804,149153.5
805,121044.5
806,148238
807,144825.5
808,130739
809,157212
810,155533
811,146032
812,169512
813,162979
814,156615
815,159867.5
816,140427
817,141760
818,147134
819,149198.5
820,112599
821,154924.5
822,123480.5
823,45127.5
824,90194
825,129565.5
826,147338
827,160319
828,146914.5
829,108313
830,58705.5
831,146658.5
832,157781
833,150232
834,153291.5
835,164632.5
836,153125
837,150440
838,34241
839,158594
840,134493.5
841,149534
842,102710.5
843,155905.5
844,123964
845,157432
846,145610.5
847,68933
848,140766
849,150360.5
850,70615
851,26090.5
852,149643
853,122176
854,136398.5
855,158390.5
856,160437.5
857,164249
858,149223
859,152388
860,151759.5
861,133884
862,11828
863,138289.5
864,149358
865,117527
866,176013.5
867,171718.5
868,164768
869,79753.5
870,119411
871,113151.5
872,140202.5
873,150350.5
874,136917.5
875,107420
876,156622
877,139921
878,28435
879,66833.5
880,28427.5
881,105996
882,14381.5
883,50098.5
884,117521
885,63956
886,150273.5
887,114405
888,85091.5
889,5725
890,153465.5
891,146883.5
892,38099
893,118760
894,119095
895,107228.5
896,127228.5
897,12045.5
898,113548.5
899,131324
900,151814
901,117544.5
902,160620
903,72474
904,115809
905,16892
906,25960.5
907,93237
908,58888
909,65055.5
910,82504.5
911,17456.5
912,21826.5
913,161526
914,137126
915,27820
916,102706.5
917,150789
918,28838.5
919,17542.5
920,117205
921,94314.5
922,34479
923,107200.5
924,61835
925,154696
926,48675.5
927,73523
928,11096
929,50384
930,98708
931,81373.5
932,30825
933,47000
934,3795
935,14122
936,42296.5
937,40036
938,67520.5
939,89794.5
940,27595
941,2836
942,20610
943,18107.5
944,4369.5
945,89913.5
946,112401
947,107130
948,42460
949,4107.5
950,1663.5
951,45810
952,20835
953,117653
954,15182.5
955,35632.5
956,47045.5
957,320.5
958,144206.5
959,53868.5
960,38404
961,3526
962,155359.5
963,98295.5
964,154936
965,144666.5
966,90219
967,140719.5
968,102262.5
969,164308
970,161856.5
971,167127
972,163085.5
973,161718.5
974,160604.5
975,161985
976,155020.5
977,155155.5
978,137882.5
979,174388
980,168089.5
981,26833
982,41827
983,152960.5
984,176289.5
985,171070
986,143315.5
987,168024.5
988,127984.5
989,127312.5
990,147665
991,173300.5
992,173385.5
993,175932
994,177964.5
995,158554
996,167596
997,138601
998,168631
999,161003.5
1000,124294
1001,173742
1002,176566
1003,161848.5
1004,179099
1005,183551.5
1006,163817.5
1007,177380.5
1008,162901.5
1009,122263.5
1010,158266
1011,149372.5
1012,153618.5
1013,164305
1014,159456.5
1015,165678.5
1016,161178.5
1017,149637
1018,173260.5
1019,155592
1020,144506.5
1021,174899.5
1022,142773
1023,177916.5
1024,169475.5
1025,163180.5
1026,145975
1027,168071.5
1028,170691.5
1029,168789
1030,156496.5
1031,135398
1032,134972
1033,146784
1034,98380
1035,117593.5
1036,170719
1037,153019.5
1038,170604.5
1039,90327
1040,66412.5
1041,175909.5
1042,29867
1043,123017.5
1044,147017
1045,118133.5
1046,122805
1047,178809.5
1048,37744.5
1049,133596
1050,160126
1051,129405.5
1052,174944
1053,111688
1054,9909.5
1055,43175
1056,133265.5
1057,64148
1058,140816
1059,129759.5
1060,154242
1061,154386
1062,161234
1063,160342.5
1064,165343
1065,127086
1066,170051
1067,169145
1068,142759
1069,141940
1070,150402.5
1071,136711
1072,143710
1073,157369.5
1074,161193.5
1075,145865.5
1076,141011
1077,149889.5
1078,140030
1079,164545
1080,18417
1081,154197
1082,82925
1083,161304
1084,130743.5
1085,10029
1086,89412.5
1087,119629.5
1088,74648.5
1089,93747
1090,113177
1091,161514
1092,92013
1093,143147
1094,150459
1095,180707.5
1096,133776.5
1097,162937.5
1098,166475.5
1099,154113
1100,150365.5
1101,143326.5
1102,116393.5
1103,159641.5
1104,158563.5
1105,111959
1106,150106
1107,146849.5
1108,152436
1109,140016.5
1110,153846.5
1111,148900.5
1112,155177.5
1113,158763.5
1114,159705
1115,130457
1116,137365
1117,159286
1118,176008
1119,161046
1120,119187.5
1121,134287.5
1122,113796
1123,136103.5
1124,137339
1125,148906.5
1126,158959
1127,150841.5
1128,155588
1129,135406.5
1130,129251.5
1131,141354
1132,119218.5
1133,137590.5
1134,13509
1135,140160
1136,70728.5
1137,167135
1138,157514
1139,152622
1140,110065
1141,130455.5
1142,114539.5
1143,107046.5
1144,163132.5
1145,78149
1146,49092
1147,97639
1148,99016.5
1149,57258
1150,40841.5
1151,49090.5
1152,42567.5
1153,59795
1154,63960.5
1155,139251.5
1156,158431.5
1157,36812.5
1158,30373
1159,41235.5
1160,44342.5
1161,11861.5
1162,110430
1163,118262
1164,106560
1165,9591.5
1166,145317.5
1167,155548
1168,47739
1169,152933
1170,154719
1171,139485.5
1172,139960.5
1173,99381
1174,141662.5
1175,149340.5
1176,162582
1177,156889.5
1178,160286.5
1179,3154
1180,150446.5
1181,157736
1182,161823
1183,157973
1184,160103
1185,143282
1186,149821
1187,146803
1188,154504
1189,149154
1190,148544.5
1191,137071.5
1192,171465.5
1193,159259.5
1194,142615
1195,171509
1196,170289
1197,123225.5
1198,131960
1199,164975
1200,157331.5
1201,151016.5
1202,170771
1203,122269
1204,166438.5
1205,175339
1206,160045.5
1207,171002.5
1208,152850.5
1209,166290.5
1210,161463
1211,178883.5
1212,154709.5
1213,152494.5
1214,128348
1215,159778
1216,127018.5
1217,97952
1218,157880.5
1219,143564.5
1220,154341.5
1221,150757
1222,117346.5
1223,173130.5
1224,155196
1225,157584
1226,146380
1227,157993
1228,126235.5
1229,165885.5
1230,153669.5
1231,78248.5
1232,153902
1233,134022.5
1234,170553
1235,160673.5
1236,155660
1237,150217.5
1238,153488.5
1239,109191
1240,162970.5
1241,151360
1242,99123.5
1243,168006
1244,157884
1245,143146
1246,160834
1247,100482.5
1248,157466
1249,34444.5
1250,73574.5
1251,166700
1252,60020.5
1253,141851.5
1254,158127
1255,63097
1256,78277.5
1257,98308
1258,103892
1259,61789.5
1260,53390
1261,82086
1262,161358
1263,171126
1264,178903
1265,178494.5
1266,177265
1267,175313.5
1268,117652.5
1269,180520.5
1270,173681
1271,158032.5
1272,174884.5
1273,170596
1274,155525.5
1275,162218.5
1276,181216
1277,179570.5
1278,166374
1279,181724
1280,180075
1281,177484.5
1282,181028.5
1283,177359.5
1284,178339.5
1285,174688.5
1286,166573.5
1287,161545.5
1288,157840
1289,180511.5
1290,167147
1291,181320.5
1292,160521.5
1293,162096
1294,150312
1295,173315.5
1296,181144.5
1297,177934.5
1298,178472
1299,160430.5
1300,172158
1301,132597.5
1302,118086.5
1303,141418.5
1304,181064.5
1305,167140.5
1306,69926
1307,117434.5
1308,177333.5
1309,182981
1310,135811.5
1311,171011
1312,134326.5
1313,178006.5
1314,144865.5
1315,138091
1316,173725
1317,137345
1318,174727
1319,179828
1320,142664
1321,157012
1322,139909
1323,217.5
1324,143412
1325,145891
1326,160720.5
1327,148652.5
1328,134967
1329,146750.5
1330,130197
1331,119730.5
1332,102237.5
1333,168578
1334,182443
1335,178822
1336,108621
1337,158889
1338,154511
1339,163318.5
1340,144239.5
1341,161278
1342,175138
1343,169028.5
1344,163819.5
1345,176590.5
1346,145603
1347,179421
1348,175190
1349,180356.5
1350,181148.5
1351,179198
1352,181422.5
1353,27540
1354,143944
1355,152549.5
1356,156681
1357,168086
1358,162543
1359,146492.5
1360,154805.5
1361,151795.5
1362,154488
1363,141282.5
1364,143321
1365,145370.5
1366,152871.5
1367,157556
1368,147727
1369,155059
1370,139558
1371,170127.5
1372,141841.5
1373,174337
1374,169131
1375,136033.5
1376,155894
1377,109022.5
1378,146979
1379,166004
1380,161521
1381,132879.5
1382,157634
1383,156200.5
1384,169604
1385,157568.5
1386,173685.5
1387,163253.5
1388,179977.5
1389,177094.5
1390,167467
1391,162094.5
1392,158373.5
1393,123510.5
1394,159183
1395,157180
1396,168050
1397,169111
1398,150213.5
1399,146321.5
1400,174783
1401,168620
1402,139625.5
1403,156650.5
1404,182022
1405,159009.5
1406,140917
1407,163284
1408,107690.5
1409,159961
1410,176622
1411,126848.5
1412,155916.5
1413,131364
1414,177525.5
1415,100383.5
1416,27354
1417,170588.5
1418,147537.5
1419,117391.5
1420,122195
1421,77628
1422,158418.5
1423,97468.5
1424,56736.5
1425,42114.5
1426,37240
1427,1232
1428,10885
1429,57313
1430,46703.5
1431,26775.5
1432,125533
1433,30988.5
1434,158481.5
1435,180817.5
1436,163871
1437,159181.5
1438,169336
1439,149035
1440,169239
1441,128567.5
1442,156605.5
1443,143843.5
1444,146166
1445,160405
1446,10936
1447,180149
1448,160583
1449,40371
1450,171323.5
1451,161953
1452,128046.5
1453,47582
1454,12184.5
1455,24175.5
1456,120884
1457,15291.5
1458,133225
1459,163560.5
1460,163558.5
1461,137333
1462,124871
1463,155623
1464,134973
1465,143376.5
1466,162281.5
1467,155550.5
1468,170546.5
1469,134608
1470,171094.5
1471,178299.5
1472,152629.5
1473,37687
1474,162808
1475,141736.5
1476,132535
1477,157362
1478,154723
1479,182121
1480,161103.5
1481,174842.5
1482,156001
1483,163762
1484,161578.5
1485,167533
1486,74956.5
1487,98642
1488,171648
1489,139933
1490,67860
1491,60330.5
1492,164284
1493,118622
1494,151481
1495,153050
1496,155671
1497,139600
1498,157123.5
1499,162649
1500,150274.5
1501,156552
1502,144801.5
1503,156086.5
1504,145694.5
1505,150774.5
1506,161169
1507,170585.5
1508,152491
1509,88786
1510,22311.5
1511,71529.5
1512,59913.5
1513,147196
1514,116640
1515,142877.5
1516,173566.5
1517,178606
1518,148483.5
1519,155637.5
1520,142198
1521,147926.5
1522,146129.5
1523,150021.5
1524,170245
1525,131053
1526,1318.5
1527,158547
1528,111623.5
1529,148581
1530,169289
1531,149650.5
1532,36213
1533,147287
1534,76275
1535,145238.5
1536,31736
1537,124186.5
1538,95132
1539,33582
1540,16621.5
1541,150210
1542,97692.5
1543,161892
1544,149273
1545,150945.5
1546,133950.5
1547,83750.5
1548,125728
1549,126323.5
1550,157159
1551,167021
1552,120228
1553,56653.5
1554,139307
1555,177590.5
1556,63774.5
1557,137442
1558,151628.5
1559,101211
1560,97759
1561,127653
1562,171089.5
1563,90685.5
1564,139361
1565,44112.5
1566,147245
1567,46728.5
1568,4631.5
1569,126650.5
1570,43020
1571,42618
1572,38671.5
1573,146829
1574,146918
1575,24402.5
1576,149070.5
1577,169264.5
1578,108047
1579,145108.5
1580,53671
1581,162486
1582,152974
1583,176757
1584,178188.5
1585,174159.5
1586,179342
1587,153446
1588,123540.5
1589,177000
1590,170752
1591,117724.5
1592,179761
1593,182933
1594,178451.5
1595,38762.5
1596,178946.5
1597,159795.5
1598,181232.5
1599,77527.5
1600,180686.5
1601,181853
1602,168847
1603,159373
1604,158115
1605,153261.5
1606,178736
1607,179250.5
1608,123390
1609,169460.5
1610,157510
1611,174066
1612,171154
1613,166377.5
1614,163041.5
1615,170972.5
1616,124009
1617,103970
1618,183670
1619,137386.5
1620,143086
1621,157322
1622,179180.5
1623,176068.5
1624,141872.5
1625,94062.5
1626,53023.5
1627,88623.5
1628,163691
1629,114383
1630,104350
1631,144263
1632,138242.5
1633,25052.5
1634,170181.5
1635,182560
1636,124560
1637,182823
1638,180066.5
1639,181629.5
1640,179147.5
1641,183347
1642,175615.5
1643,179915.5
1644,177155
1645,136591
1646,125127
1647,170894.5
1648,137520.5
1649,124558.5
1650,166857
1651,148745
1652,176861.5
1653,179723.5
1654,142581
1655,182686.5
1656,179164
1657,123181.5
1658,130353
1659,150930.5
1660,179926.5
1661,177911.5
1662,169104.5
1663,144157.5
1664,167743
1665,173838.5
1666,157368.5
1667,158513.5
1668,169238
1669,172331
1670,162754.5
1671,173278
1672,178104.5
1673,176304
1674,176110.5
1675,34627
1676,169505.5
1677,170562.5
1678,147694
1679,143379.5
1680,139943
1681,133268
1682,139229
1683,138775.5
1684,129234.5
1685,137786.5
1686,182267.5
1687,165399.5
1688,158167
1689,105213.5
1690,183615.5
1691,183627.5
1692,157134
1693,173979
1694,35451
1695,169481.5
1696,182688
1697,179633.5
1698,155815.5
1699,135756.5
1700,182570
1701,180866.5
1702,158065.5
1703,170000.5
1704,151532.5
1705,149594
1706,147735.5
1707,147357
1708,156302.5
1709,167108
1710,151971
1711,165252
1712,101727
1713,157423
1714,165465
1715,174524.5
1716,103586.5
1717,147703
1718,161009
1719,154074.5
1720,154412
1721,149082.5
1722,84600
1723,164485
1724,159293.5
1725,160192
1726,61682.5
1727,129724.5
1728,160362
1729,148628.5
1730,134011
1731,145652
1732,158973.5
1733,163068
1734,155424
1735,131547
1736,147703
1737,150768.5
1738,171449
1739,154730.5
1740,145991
1741,148795.5
1742,160273.5
1743,132149
1744,175130
1745,142102
1746,141199.5
1747,49081.5
1748,161336
1749,167414.5
1750,150221.5
1751,171272
1752,179141.5
1753,160924
1754,159800.5
1755,162428
1756,155747.5
1757,178581
1758,165736.5
1759,171684.5
1760,149093.5
1761,161018
1762,179603
1763,157582
1764,183865.5
1765,177933.5
1766,130027
1767,146504
1768,173482
1769,175768.5
1770,183511.5
1771,182438.5
1772,166558.5
1773,172464.5
1774,173749
1775,130445
1776,152130
1777,175608
1778,164697
1779,170951.5
1780,170810
1781,88340
1782,176767.5
1783,183077
1784,165934.5
1785,171164
1786,170987.5
1787,154827.5
1788,175980
1789,170741
1790,147536
1791,134489
1792,172243
1793,140645.5
1794,152235
1795,122653.5
1796,131163.5
1797,110252.5
1798,112557.5
1799,117854.5
1800,73069
1801,112288.5
1802,130203
1803,56281
1804,92890
1805,25178
1806,108617.5
1807,152618.5
1808,167787
1809,121806.5
1810,99754
1811,170686.5
1812,134553.5
1813,166422.5
1814,159942.5
1815,155378.5
1816,180856
1817,182480
1818,164103.5
1819,162889
1820,148999
1821,174020.5
1822,138020
1823,177630
1824,178952
1825,157647
1826,161814
1827,152982.5
1828,172817
1829,179995
1830,166564
1831,113838.5
1832,140433.5
1833,177049
1834,173141.5
1835,177262.5
1836,153104.5
1837,114206
1838,140828.5
1839,177284.5
1840,69789.5
1841,103740.5
1842,154652
1843,180191.5
1844,147040
1845,101388.5
1846,161381
1847,154250.5
1848,102867
1849,76112.5
1850,74499
1851,6292
1852,183650
1853,156946
1854,155660.5
1855,146977.5
1856,145243
1857,149852.5
1858,75891.5
1859,149218
1860,74120.5
1861,105545
1862,120812.5
1863,77229
1864,68051
1865,150825.5
1866,129563.5
1867,150738
1868,172824
1869,156846.5
1870,161026
1871,168777
1872,176602
1873,159612.5
1874,182044
1875,163011
1876,135800
1877,155527
1878,151892.5
1879,131971
1880,146357
1881,160598.5
1882,159955.5
1883,151203.5
1884,162637.5
1885,150454.5
1886,176427
1887,168003.5
1888,150875
1889,165550.5
1890,144324.5
1891,152834
1892,140345.5
1893,161319
1894,146509
1895,119803.5
1896,112762
1897,153932.5
1898,122633.5
1899,79595
1900,138076.5
1901,178742
1902,139937
1903,174016
1904,143775
1905,170827.5
1906,151431
1907,40832
1908,174243
1909,84439
1910,74659.5
1911,49761
1912,147576.5
1913,158578.5
1914,2465.5
1915,89378
1916,26009
1917,146901
1918,19826
1919,6445
1920,52160
1921,11943.5
1922,19548.5
1923,160087
1924,119089.5
1925,152280.5
1926,119705.5
1927,168660
1928,181180.5
1929,129115.5
1930,137189
1931,125658
1932,159532.5
1933,172801
1934,168948.5
1935,43069.5
1936,68905.5
1937,137718.5
1938,183286.5
1939,180501
1940,180819.5
1941,157640.5
1942,184131
1943,182640
1944,182096.5
1945,27039.5
1946,183513.5
1947,121456
1948,41503.5
1949,161730.5
1950,181053.5
1951,181693.5
1952,178082.5
1953,179492
1954,182951
1955,124302.5
1956,183729
1957,13734.5
1958,91238
1959,20985.5
1960,96208
1961,75678
1962,150171.5
1963,153998.5
1964,121627
1965,121851.5
1966,178728
1967,149361
1968,141480.5
1969,137661
1970,159387.5
1971,160194.5
1972,162081
1973,160943
1974,153728
1975,161432.5
1976,147650
1977,129398
1978,121721
1979,145656
1980,144990.5
1981,148361
1982,139416.5
1983,141356.5
1984,164105.5
1985,161781.5
1986,167104.5
1987,98125
1988,164051
1989,172684
1990,81922.5
1991,120804
1992,144724
1993,110205
1994,183205.5
1995,144012
1996,151063
1997,149223.5
1998,158129
1999,150361.5
2000,128343.5
2001,146705
2002,164695.5
2003,164903
2004,18802
2005,145461.5
2006,4816
2007,147437.5
2008,94683
2009,138785.5
2010,117105
2011,164358
2012,173441.5
2013,170505
2014,164194
2015,162180
2016,152929
2017,145229.5
2018,154659
2019,106151
2020,163737.5
2021,172531.5
2022,162569
2023,169019.5
2024,162456.5
2025,165829.5
2026,131765.5
2027,129147
2028,160594
2029,120607
2030,162645
2031,159688.5
2032,151603.5
2033,160979.5
2034,158741
2035,159323
2036,81286
2037,162471
2038,157911
2039,152122
2040,149431.5
2041,70405
2042,167390.5
2043,131128.5
2044,159616
2045,161846.5
2046,139360.5
2047,156035.5
2048,178180
2049,162844.5
2050,147888.5
2051,138886.5
2052,135556
2053,154884
2054,158078
2055,163015
2056,170384.5
2057,126674
2058,127811.5
2059,120805.5
2060,105974.5
2061,148849
2062,150110
2063,178570.5
2064,20985
2065,117242
2066,91732.5
2067,70850.5
2068,110329
2069,149710
2070,34807.5
2071,153933.5
2072,171467
2073,73494.5
2074,33446
2075,96719
2076,70480.5
2077,174661.5
2078,76392.5
2079,76670
2080,163838
2081,121807.5
2082,41027.5
2083,87274
2084,147236
2085,151210
2086,29766
2087,40415
2088,155619.5
2089,164316.5
2090,98310.5
2091,157550.5
2092,162957
2093,166660.5
2094,155684.5
2095,144144.5
2096,141077
2097,131235
2098,154012.5
2099,176022.5
2100,144595.5
2101,129708.5
2102,174010.5
2103,93453.5
2104,162504
2105,172315
2106,159934
2107,120152.5
2108,160715
2109,153892
2110,161354.5
2111,164137
2112,155609.5
2113,151234
2114,129516.5
2115,149937.5
2116,158180.5
2117,94589.5
2118,154277
2119,117822
2120,146619
2121,146355.5
2122,146078.5
2123,161218
2124,119941.5
2125,164613.5
2126,123743
2127,156253
2128,86143
2129,152736.5
2130,96423.5
2131,131680.5
2132,172893.5
2133,162655
2134,150459
2135,157448.5
2136,147182
2137,143485
2138,144684
2139,134358
2140,119520
2141,131920
2142,88539.5
2143,155081.5
2144,91440.5
2145,168713.5
2146,110512
2147,133584.5
2148,162565.5
2149,110051.5
2150,123776.5
2151,137403.5
2152,164886.5
2153,32599
2154,77445
2155,159882
2156,136330
2157,132812.5
2158,4249
2159,63007
2160,138956
2161,143918
2162,124336
2163,138951.5
2164,149881
2165,65802.5
2166,179576
2167,87636.5
2168,181315.5
2169,162924.5
2170,173048.5
2171,146684.5
2172,114397.5
2173,103552
2174,116949.5
2175,111198.5
2176,86138
2177,64139.5
2178,21895.5
2179,113541.5
2180,73240.5
2181,21873.5
2182,27216.5
2183,120181.5
2184,183107
2185,165748
2186,79525
2187,29338
2188,91579
2189,177320.5
2190,172086
2191,143099.5
2192,183293
2193,164309
2194,99252.5
2195,127848
2196,49472.5
2197,80771.5
2198,183865
2199,165046.5
2200,136911
2201,153147
2202,165523
2203,176271.5
2204,180170.5
2205,172324.5
2206,154166
2207,141004
2208,144839.5
2209,144412.5
2210,150198
2211,136481.5
2212,160535
2213,136761
2214,145466
2215,138186.5
2216,154089.5
2217,176309.5
2218,157068.5
2219,166060
2220,56649.5
2221,151303.5
2222,107014.5
2223,161009
2224,180002
2225,138197.5
2226,169801
2227,162948
2228,164748
2229,151400
2230,155200.5
2231,157346
2232,147135.5
2233,156128
2234,101551
2235,156339
2236,127195
2237,155786.5
2238,149930
2239,126734.5
2240,158674.5
2241,149438.5
2242,121911.5
2243,136568.5
2244,162058.5
2245,35079.5
2246,171388.5
2247,157633.5
2248,147337.5
2249,150179
2250,153548
2251,c
2252,116538
2253,110378.5
2254,113580.5
2255,45471.5
2256,47280.5
2257,165761
2258,169479.5
2259,89557
2260,149363
2261,13466.5
2262,98947.5
2263,157379.5
2264,139120.5
2265,86597
2266,122791.5
2267,145713
2268,40608
2269,147660.5
2270,161279.5
2271,181332
2272,177277
2273,170763.5
2274,165421
2275,151407.5
2276,182248.5
2277,156690.5
2278,169866
2279,164507.5
2280,183777.5
2281,173837.5
2282,171901
2283,158544.5
2284,172877
2285,159473
2286,167787
2287,162720.5
2288,162441
2289,183192
2290,160294
2291,174360.5
2292,145864.5
2293,144396
2294,122363.5
2295,155124
2296,177887.5
2297,181217
2298,141627
2299,42303
2300,132797
2301,179814
2302,176458
2303,170672
2304,178294
2305,178776.5
2306,173113.5
2307,181144.5
2308,182706
2309,175758
2310,177146.5
2311,121970
2312,178691
2313,147659
2314,160283
2315,171200.5
2316,165683.5
2317,170519
2318,155421
2319,183445.5
2320,176478.5
2321,168086
2322,159528
2323,162288
2324,159773
2325,179451.5
2326,168353.5
2327,124254
2328,154861.5
2329,121846
2330,75214
2331,149376
2332,163714.5
2333,182483
2334,174277.5
2335,158264.5
2336,175744
2337,172175.5
2338,173559.5
2339,158072.5
2340,130489.5
2341,134777
2342,66285.5
2343,105868
2344,177142
2345,177990.5
2346,55056
2347,148676.5
2348,149701.5
2349,132469.5
2350,166140
2351,159037
2352,149946.5
2353,137179
2354,127527
2355,159246.5
2356,35434.5
2357,109308
2358,123977
2359,45441.5
2360,161586
2361,165676
2362,167520
2363,146705
2364,135246.5
2365,124951
2366,136407.5
2367,145239.5
2368,70497
2369,118179
2370,50613.5
2371,107993.5
2372,144139
2373,149452.5
2374,104084
2375,123138.5
2376,132571.5
2377,151301
2378,177722.5
2379,111723.5
2380,23394
2381,102285
2382,39985.5
2383,62154
2384,102032.5
2385,25950.5
2386,92271
2387,128839.5
2388,60172.5
2389,68609
2390,48525.5
2391,116705
2392,20098
2393,30237
2394,32537
2395,25404
2396,121315.5
2397,180003
2398,131264.5
2399,126352
2400,164860.5
2401,178270
2402,169815
2403,176762.5
2404,176840.5
2405,168100.5
2406,139352.5
2407,173780.5
2408,114954.5
2409,166381.5
2410,168397.5
2411,165231.5
2412,155333
2413,160578
2414,181735
2415,166679.5
2416,160586.5
2417,164103
2418,138539.5
2419,148142.5
2420,155253
2421,160635.5
2422,159060.5
2423,183410
2424,164474.5
2425,163529
2426,160285
2427,167124
2428,176232
2429,183589
2430,168289.5
2431,139554
2432,164727
2433,179507.5
2434,173803
2435,177873.5
2436,181485.5
2437,172973.5
2438,175328
2439,145386
2440,167588.5
2441,167785.5
2442,163868
2443,177581.5
2444,150810
2445,150228.5
2446,176324
2447,128216.5
2448,141975.5
2449,145515.5
2450,90939
2451,18883
2452,24896.5
2453,37979.5
2454,182319.5
2455,170472.5
2456,178333
2457,9053
2458,182454.5
2459,173125.5
2460,138457.5
2461,179231.5
2462,175785.5
2463,166521
2464,152213
2465,168949.5
2466,178586.5
2467,178769.5
2468,168497
2469,162363
2470,157118
2471,129177.5
2472,175047
2473,176990
2474,175030
2475,165035.5
2476,158710.5
2477,155180
2478,130317
2479,177994
2480,117214
2481,40571.5
2482,120110.5
2483,130325.5
2484,52986.5
2485,183418
2486,178249.5
2487,179165
2488,177446
2489,170151.5
2490,176991
2491,167362
2492,164459.5
2493,162272
2494,127456
2495,171815
2496,135805.5
2497,117685
2498,143908
2499,170650.5
2500,163336.5
2501,156116.5
2502,135466
2503,151654
2504,16075
2505,181793.5
2506,178852.5
2507,142122.5
2508,182427
2509,179918
2510,98004.5
2511,181676
2512,179273.5
2513,174979.5
2514,181680.5
2515,173847
2516,174031.5
2517,182820.5
2518,178459
2519,176702.5
2520,130158.5
2521,27027
2522,183868
2523,143066
2524,175336.5
2525,149352.5
2526,147857
2527,142521.5
2528,147847
2529,158993.5
2530,162196.5
2531,163208
2532,152821.5
2533,154808
2534,161396
2535,174387.5
2536,152779
2537,145704.5
2538,176141
2539,156905
2540,148751.5
2541,152804
2542,155331
2543,151451
2544,23155.5
2545,66754
2546,104529.5
2547,101522.5
2548,90341.5
2549,58041
2550,182780
2551,182933
2552,178200
2553,173325.5
2554,167877.5
2555,167074
2556,157280.5
2557,149375
2558,183718
2559,183941.5
2560,132487
2561,163138.5
2562,166895.5
2563,179376.5
2564,183899.5
2565,172985
2566,178132
2567,174551.5
2568,171683
2569,179931.5
2570,177341
2571,146353
2572,59411.5
2573,178466
2574,178833.5
2575,133834
2576,156920.5
2577,146614
2578,135347
2579,71616
2580,173341.5
2581,173578
2582,171897
2583,157117
2584,163645.5
2585,166846.5
2586,164391
2587,176755.5
2588,181381
2589,177347
2590,157987
2591,178506
2592,179234.5
2593,161434.5
2594,164674.5
2595,181855.5
2596,183386
2597,174482.5
2598,152400.5
2599,180898
2600,134843.5
2601,173426.5
2602,172832
2603,165842
2604,154940.5
2605,172365.5
2606,178309.5
2607,183020
2608,25653
2609,169837
2610,169473.5
2611,169903
2612,41652
2613,107253
2614,122710
2615,176909
2616,169693
2617,163373.5
2618,162148
2619,156695
2620,159577
2621,165155
2622,164227.5
2623,42417.5
2624,180268
2625,150382
2626,149565
2627,182106
2628,178944
2629,173540
2630,164353
2631,181309.5
2632,170276.5
2633,140020
2634,181301
2635,176130.5
2636,158577
2637,162028
2638,178722
2639,97659
2640,65828.5
2641,163123.5
2642,178918.5
2643,176581
2644,180654.5
2645,135105.5
2646,133247.5
2647,169708.5
2648,179405
2649,179144.5
2650,163884.5
2651,160553.5
2652,183360
2653,161547
2654,170884
2655,178229.5
2656,6527.5
2657,180972
2658,182435.5
2659,178464
2660,175227.5
2661,178260
2662,175847.5
2663,181576
2664,178703.5
2665,152248
2666,162410.5
2667,160881.5
2668,133936.5
2669,177139
2670,162698
2671,130279
2672,178401
2673,180019.5
2674,179324
2675,175189.5
2676,177109.5
2677,65021.5
2678,167946
2679,160021
2680,177069.5
2681,170224.5
2682,138956.5
2683,111545
2684,122090
2685,145309.5
2686,169171
2687,140060.5
2688,156928
2689,172559
2690,92205.5
2691,141699
2692,153355
2693,167097.5
2694,176258.5
2695,162407
2696,135192
2697,173451
2698,170322
2699,167059.5
2700,167072.5
2701,154369.5
2702,155529.5
2703,146001
2704,170122
2705,159367
2706,179272
2707,176425.5
2708,160141.5
2709,170995.5
2710,31410.5
2711,83242
2712,158474
2713,7809.5
2714,148459.5
2715,142257.5
2716,149696.5
2717,156256.5
2718,142782.5
2719,154371.5
2720,30751.5
2721,120036
2722,1976.5
2723,25625
2724,139089.5
2725,160647
2726,182289
2727,138644.5
2728,163206
2729,155887
2730,160697
2731,157587.5
2732,164074.5
2733,158479.5
2734,164439.5
2735,148517.5
2736,152011
2737,118885.5
2738,149111.5
2739,139338.5
2740,155101.5
2741,150899.5
2742,155533
2743,154421.5
2744,128482.5
2745,160034
2746,5168.5
2747,75206.5
2748,153493
2749,154017
2750,8366.5
2751,97836.5
2752,26691
2753,118
2754,604
2755,130613
2756,141307
2757,164677.5
2758,175682.5
2759,173245.5
2760,156441
2761,174404.5
2762,170091.5
2763,173306.5
2764,170059
2765,164498.5
2766,162898.5
2767,158330
2768,163190.5
2769,164745.5
2770,166313
2771,158119
2772,61561.5
2773,172310.5
2774,157262.5
2775,164928.5
2776,158050.5
2777,147711.5
2778,168172.5
2779,130901.5
2780,169504.5
2781,165596.5
2782,160701.5
2783,158713.5
2784,175552.5
2785,170977
2786,163739
2787,173302
2788,163177.5
2789,161269
2790,162917.5
2791,133353.5
2792,102576
2793,159560
2794,153380.5
2795,143759.5
2796,180838.5
2797,165814
2798,154747
2799,177256.5
2800,172456.5
2801,136986.5
2802,167331.5
2803,166175
2804,164873
2805,136930
2806,158518.5
2807,148597
2808,171587
2809,163712
2810,165684
2811,145310.5
2812,167623
2813,152623
2814,156821
2815,32509.5
2816,127824.5
2817,181342
2818,117744
2819,170615
2820,166537.5
2821,132645.5
2822,153880
2823,162708
2824,127774.5
2825,5761.5
2826,57499.5
2827,169690.5
2828,35197
2829,9400.5
2830,15639.5
2831,129619.5
2832,160866.5
2833,124263.5
2834,96626
2835,166047
2836,165029
2837,167800.5
2838,157365
2839,159666
2840,165688.5
2841,140266.5
2842,91867.5
2843,158213
2844,175658.5
2845,163235
2846,156759.5
2847,155426.5
2848,153288
2849,144649.5
2850,149520.5
2851,149766.5
2852,155444
2853,136837.5
2854,179321
2855,181084
2856,142482.5
2857,162405.5
2858,174538
2859,167562
2860,170171
2861,170383.5
2862,80619
2863,168685.5
2864,167684
2865,162362
2866,160366
2867,158584
2868,156973.5
2869,137080
2870,130169
2871,152403
2872,163939
2873,142647
2874,152431
2875,138500.5
2876,140944
2877,168559
2878,158698.5
2879,158868
2880,162094.5
2881,125498.5
2882,171787
2883,162178
2884,155932
2885,143376
2886,155441.5
2887,138525
2888,166320.5
2889,148257.5
2890,14733.5
2891,162953.5
2892,171694
2893,137360.5
2894,90689
2895,92906.5
2896,47376.5
2897,150627
2898,168471.5
2899,155035.5
2900,135027.5
2901,12260.5
2902,130329
2903,36305.5
2904,40811
2905,138323
2906,165263
2907,122970
2908,151802
2909,168474
2910,156408.5
2911,158215
2912,171526
2913,154071.5
2914,151883
2915,112054
2916,164903
2917,174044.5
2918,146019
2919,145997.5
2920,155931
2921,168496.5
2922,163079
2923,171596
2924,168153.5
2925,161559
2926,165940
2927,163143.5
2928,148356.5
2929,170236
2930,100781
2931,165590.5
2932,129288
2933,28439.5
2934,166512.5
2935,167333.5
2936,182693.5
2937,182918
2938,182135.5
2939,176793.5
2940,174650
2941,168357.5
2942,168296
2943,183836
2944,155861.5
2945,146474
2946,167246.5
2947,170731
2948,175670
2949,174482.5
2950,165413.5
2951,170612
2952,161583.5
2953,179994.5
2954,165767
2955,180759.5
2956,174142
2957,163970.5
2958,175111.5
2959,176091.5
2960,126113
2961,81449.5
2962,74992
2963,70509.5
2964,97503.5
2965,98569.5
2966,168932
2967,181404
2968,179561.5
2969,179105
2970,146386
2971,183698
2972,167915.5
2973,182814
2974,135325
2975,181367
2976,157854.5
2977,144816
2978,139324
2979,163055.5
2980,159159
2981,102167
2982,149971
2983,164130.5
2984,157845.5
2985,151156.5
2986,153343
2987,159718
2988,147525
2989,147690.5
2990,124271
2991,149245.5
2992,152273
2993,92820.5
2994,178077.5
2995,171806.5
2996,165049.5
2997,183554.5
2998,176221
2999,179888.5
3000,171640.5
3001,154507
3002,126915.5
3003,67645
3004,118837
3005,169916.5
3006,154984
3007,150557.5
3008,158389
3009,141652.5
3010,152412.5
3011,156356
3012,148575.5
3013,163968.5
3014,149911.5
3015,173347.5
3016,119317
3017,147840
3018,155709
3019,143174
3020,169828
3021,159376
3022,151147
3023,173292.5
3024,164000.5
3025,139667.5
3026,174070.5
3027,26988
3028,140730.5
3029,162732
3030,178781
3031,127697
3032,134747
3033,137542
3034,6417.5
3035,144504
3036,164520.5
3037,128940.5
3038,165671.5
3039,171100.5
3040,172547.5
3041,174405.5
3042,179625.5
3043,153928
3044,160033
3045,166513
3046,169888.5
3047,168830.5
3048,161044
3049,143159
3050,155559.5
3051,164877.5
3052,103551.5
3053,104719.5
3054,164014
3055,132329.5
3056,109492.5
3057,148473
3058,167669
3059,153686
3060,127557
3061,82841.5
3062,156415.5
3063,159685.5
3064,165835
3065,165664
3066,162920.5
3067,157275
3068,153078.5
3069,156874
3070,158186
3071,149038.5
3072,169402.5
3073,174991.5
3074,155538.5
3075,131771
3076,160528.5
3077,55347
3078,76778
3079,151848
3080,113207.5
3081,141909
3082,171922
3083,169279
3084,159597.5
3085,149241
3086,163664.5
3087,157875
3088,150269.5
3089,155791.5
3090,152349
3091,152832.5
3092,149786.5
3093,174106
3094,160363
3095,162933.5
3096,128221
3097,158941
3098,147175
3099,136144.5
3100,125621
3101,123806
3102,176111
3103,92112
3104,142749
3105,62818
3106,144008
3107,138893.5
3108,91481
3109,49086
3110,162837
3111,151809.5
3112,174777
3113,136604
3114,116036
3115,156670
3116,52004.5
3117,104523.5
3118,160194
3119,47866.5
3120,111376
3121,127549
3122,168577.5
3123,99157.5
3124,126347.5
3125,56903
3126,132926.5
3127,146422
3128,135006
3129,108916.5
3130,152690.5
3131,154855.5
3132,170419.5
3133,149276
3134,108534.5
3135,157515.5
3136,132795.5
3137,150948
3138,180736.5
3139,170914
3140,164843.5
3141,169398
3142,173923
3143,180629
3144,179077.5
3145,178031.5
3146,176372.5
3147,153854
3148,162118
3149,170911.5
3150,172714.5
3151,164512
3152,160874.5
3153,180041.5
3154,180466
3155,159577
3156,177952
3157,168908.5
3158,174449
3159,63433
3160,149750
3161,13596.5
3162,113525.5
3163,181381.5
3164,99979
3165,134438
3166,114298
3167,105390
3168,158964
3169,169425
3170,166962
3171,125008.5
3172,153405
3173,178661.5
3174,181109.5
3175,180378.5
3176,147397.5
3177,128809
3178,167216.5
3179,137928
3180,91755.5
3181,165934.5
3182,125751
3183,177677
3184,177087.5
3185,173247
3186,133929
3187,172541.5
3188,132553.5
3189,102967.5
3190,93596
3191,147209
3192,138860
3193,117413
3194,112311.5
3195,58636.5
3196,181136
3197,138617.5
3198,100386
3199,93206.5
3200,23745
3201,92194
3202,43354
3203,23371
3204,56006.5
3205,17954
3206,46176
3207,8945.5
3208,53243
3209,26161
3210,39287
3211,19977
3212,23822
3213,108445.5
3214,47895
3215,130931.5
3216,53450.5
3217,135089
3218,121890
3219,35908
3220,29582.5
3221,22032.5
3222,18013.5
3223,151024.5
3224,18810
3225,163252
3226,146165
3227,165228.5
3228,168071.5
3229,139283.5
3230,158984.5
3231,172960.5
3232,109306
3233,136653
3234,154781
3235,94010.5
3236,177643
3237,164441.5
3238,165139.5
3239,159132.5
3240,180238.5
3241,158398.5
3242,175492
3243,91408
3244,158132.5
3245,130619.5
3246,160797
3247,166093.5
3248,169314.5
3249,166577.5
3250,156687
3251,161477
3252,177510
3253,147381.5
3254,158423
3255,145972.5
3256,135805.5
3257,158811.5
3258,151581
3259,168612
3260,145578.5
3261,117362
3262,89930
3263,162381.5
3264,166671.5
3265,21029
3266,31153
3267,110368
3268,97012
3269,143893.5
3270,178410.5
3271,102573
3272,163556.5
3273,156992.5
3274,173619.5
3275,157071.5
3276,167141
3277,164071
3278,166604
3279,163620
3280,163532.5
3281,160833.5
3282,140584.5
3283,150625
3284,148420
3285,164727.5
3286,167671
3287,168015.5
3288,164662
3289,154264
3290,145083
3291,148904
3292,166687.5
3293,158561.5
3294,162448.5
3295,97566
3296,162310
3297,160924.5
3298,162242.5
3299,170512
3300,146919
3301,113479.5
3302,165619.5
3303,154373
3304,169424.5
3305,174403
3306,166498
3307,154413
3308,155920.5
3309,173526
3310,168204
3311,161702.5
3312,168347.5
3313,176840
3314,175359.5
3315,172135
3316,168768
3317,170495
3318,164081
3319,163298
3320,159083
3321,169278
3322,164498.5
3323,125903.5
3324,148246.5
3325,160768.5
3326,117708
3327,165958.5
3328,157312.5
3329,158666
3330,164869
3331,153437
3332,155046.5
3333,145998
3334,151153
3335,158169.5
3336,152809.5
3337,167901
3338,163851.5
3339,126358
3340,137358
3341,164275
3342,165599.5
3343,163553.5
3344,165363.5
3345,165619.5
3346,157295
3347,157393.5
3348,148558.5
3349,146535.5
3350,168451
3351,172625.5
3352,176429
3353,169131
3354,173809
3355,168252.5
3356,172554.5
3357,73942.5
3358,83083.5
3359,154757
3360,133726
3361,141566.5
3362,171609
3363,137353.5
3364,163999.5
3365,167993
3366,138055.5
3367,105990
3368,123337.5
3369,161641.5
3370,139448.5
3371,155047.5
3372,175952.5
3373,144791
3374,92041
3375,162212
3376,157495.5
3377,159168
3378,153527.5
3379,99199
3380,160466.5
3381,160741.5
3382,135827
3383,147544.5
3384,157948
3385,153031
3386,164994.5
3387,160194
3388,167285
3389,143748
3390,127536.5
3391,165354
3392,142437.5
3393,132795
3394,100352.5
3395,156725.5
3396,165717
3397,90080
3398,138653
3399,15571.5
3400,167353.5
3401,47432.5
3402,128425
3403,31815
3404,50708.5
3405,23787
3406,40600
3407,40243.5
3408,73415
3409,144944
3410,116893
3411,34470.5
3412,96040
3413,11809.5
3414,46471
3415,47139.5
3416,157907
3417,166928
3418,96799
3419,9858.5
3420,154341
3421,157178
3422,149007.5
3423,158880
3424,149183
3425,144836
3426,164012
3427,143824
3428,160331.5
3429,170455.5
3430,149016
3431,154191
3432,141087.5
3433,158140.5
3434,167740.5
3435,156807.5
3436,18071.5
3437,136018
3438,162727
3439,160168.5
3440,47910.5
3441,156196
3442,141974.5
3443,138361
3444,166455.5
3445,161615
3446,162637.5
3447,157066.5
3448,165285
3449,176091
3450,151773.5
3451,154172
3452,128990.5
3453,172054
3454,69613.5
3455,162758
3456,171685
3457,152459
3458,160271
3459,156614
3460,159379.5
3461,170692.5
3462,157045
3463,101874.5
3464,172647.5
3465,133577
3466,109223.5
3467,155470.5
3468,139016.5
3469,121069
3470,159865
3471,150435
3472,169409
3473,177585
3474,167792
3475,153705.5
3476,154922.5
3477,149416.5
3478,168350
3479,142992
3480,155961
3481,161872
3482,134052.5
3483,169542
3484,156908
3485,116554
3486,156980
3487,84974
3488,23615
3489,88975.5
3490,143379
3491,107067
3492,137166
3493,161173.5
3494,158814.5
3495,146221.5
3496,144278.5
3497,147105
3498,147354.5
3499,118639.5
3500,160210
3501,162319.5
3502,128166
3503,124940.5
3504,121877
3505,126571.5
3506,145838.5
3507,142412.5
3508,117853.5
3509,126932
3510,183290.5
3511,147531
3512,152073.5
3513,98963
3514,120888.5
3515,49028
3516,144475
3517,168322.5
3518,164890
3519,151171.5
3520,42567.5
3521,119028.5
3522,139087
3523,107738
3524,50498.5
3525,162958
3526,156671
3527,22316.5
3528,100272
3529,128466.5
3530,114293
3531,166438
3532,9426
3533,34856
3534,39286
3535,11419
3536,63032
3537,90420.5
3538,1298.5
3539,110043
3540,48827.5
3541,113165
3542,74977
3543,52236.5
3544,99121
3545,47426.5
3546,48120
3547,122254.5
3548,65223.5
3549,72158.5
3550,4835
3551,138230
3552,16342.5
3553,78344
3554,13347.5
3555,143265
3556,15645.5
3557,161055
3558,141891.5
3559,27816.5
3560,170655
3561,159200.5
3562,171969.5
3563,46884
3564,154935.5
3565,118767
3566,158788
3567,126608
3568,153599
3569,138532
3570,161357.5
3571,143567.5
3572,149492.5
3573,163835
3574,167495
3575,162698
3576,166507
3577,161916.5
3578,155200
3579,157974.5
3580,162442.5
3581,133729
3582,168046
3583,148064
3584,138081.5
3585,161901.5
3586,134806
3587,110981.5
3588,167022
3589,141610.5
3590,160601
3591,112612.5
3592,133378.5
3593,153174.5
3594,160064.5
3595,182714
3596,156376.5
3597,140216.5
3598,179458
3599,159108.5
3600,133576.5
3601,147002.5
3602,134291
3603,146027.5
3604,146596
3605,145705.5
3606,146373
3607,151311.5
3608,144743
3609,165847
3610,152992
3611,155044.5
3612,159900
3613,139172
3614,168170
3615,122755
3616,158403
3617,2815.5
3618,149894
3619,142434.5
3620,182675.5
3621,169356.5
3622,150262
3623,168438
3624,94504
3625,157727.5
3626,166907
3627,169457.5
3628,169922.5
3629,163827
3630,169380.5
3631,145492
3632,118233
3633,157437.5
3634,159856
3635,163134.5
3636,168546.5
3637,165840
3638,78322.5
3639,170369.5
3640,158949
3641,167869
3642,158949.5
3643,162920.5
3644,134899
3645,143735
3646,155915.5
3647,19774.5
3648,134025.5
3649,29703
3650,169233.5
3651,121866
3652,161474.5
3653,172492.5
3654,165989
3655,181320
3656,157114
3657,172631
3658,176812.5
3659,181987
3660,181566
3661,179961
3662,181904
3663,158443.5
3664,157131.5
3665,175406.5
3666,177438.5
3667,126297.5
3668,136957.5
3669,113918.5
3670,129809.5
3671,55285.5
3672,35695.5
3673,29897.5
3674,64661.5
3675,156903.5
3676,167400
3677,160535
3678,173546.5
3679,174823
3680,179654.5
3681,162794.5
3682,162211.5
3683,179407.5
3684,151715.5
3685,147277.5
3686,152889.5
3687,179381.5
3688,175668.5
3689,180226.5
3690,167900
3691,172739
3692,171000.5
3693,103329
3694,179079
3695,176540
3696,173881
3697,157989.5
3698,176033
3699,181879
3700,170420
3701,166180.5
3702,156001
3703,183297
3704,179196
3705,173348.5
3706,134832
3707,49852.5
3708,177331
3709,171071
3710,156854.5
3711,152837
3712,178359
3713,129657
3714,111291.5
3715,51303
3716,123051.5
3717,96018.5
3718,124671
3719,88322
3720,101876
3721,141195.5
3722,71409.5
3723,137650
3724,175614
3725,142885.5
3726,47466
3727,169604
3728,161150.5
3729,167422.5
3730,153333
3731,104299
3732,110357
3733,73195
3734,180389.5
3735,174470.5
3736,174409.5
3737,171928
3738,175600.5
3739,181411.5
3740,178934
3741,177883.5
3742,178567.5
3743,180572
3744,153744.5
3745,128909.5
3746,128459.5
3747,117405
3748,182558
3749,183839.5
3750,178828
3751,180892
3752,179277.5
3753,181530
3754,180783.5
3755,159931.5
3756,182007
3757,182102.5
3758,142230
3759,155358.5
3760,152068
3761,157841
3762,170727.5
3763,171597
3764,151984.5
3765,159964
3766,161629
3767,183117.5
3768,170644.5
3769,167644
3770,161383.5
3771,163397
3772,166437.5
3773,180046.5
3774,171729
3775,157148.5
3776,180516.5
3777,173947
3778,178781
3779,180111.5
3780,178573
3781,181333.5
3782,183884
3783,176851.5
3784,180257.5
3785,172927.5
3786,145485
3787,147498
3788,178354.5
3789,182637.5
3790,170157
3791,181591
3792,181394
3793,178327.5
3794,180658.5
3795,91401.5
3796,72046
3797,122037.5
3798,106886.5
3799,149094.5
3800,178597.5
3801,181547.5
3802,180778
3803,180803.5
3804,106597.5
3805,164163
3806,154788.5
3807,177499.5
3808,175252
3809,151607.5
3810,177190.5
3811,170363
3812,176395
3813,181139.5
3814,119877.5
3815,175743.5
3816,129941.5
3817,181676
3818,158060
3819,120716.5
3820,179431.5
3821,179237.5
3822,164930.5
3823,172652.5
3824,165314
3825,180626.5
3826,177580.5
3827,165893
3828,177000.5
3829,151643.5
3830,178283
3831,79725
3832,174153
3833,174655
3834,175719.5
3835,133644.5
3836,181815.5
3837,180678.5
3838,173003.5
3839,181585.5
3840,27084
3841,26797.5
3842,178566
3843,174317
3844,109485.5
3845,160940
3846,179919
3847,153800
3848,183489.5
3849,145632.5
3850,182373.5
3851,181789.5
3852,179642.5
3853,183582.5
3854,42891
3855,154208.5
3856,173146
3857,183300
3858,182931
3859,173444.5
3860,167195.5
3861,173843.5
3862,182983
3863,162203.5
3864,179444.5
3865,179636.5
3866,161821.5
3867,171346
3868,156912
3869,154135.5
3870,145994.5
3871,181650.5
3872,178133
3873,174290
3874,159441
3875,86418
3876,57564.5
3877,175725
3878,149254.5
3879,162946.5
3880,166021
3881,120980
3882,180142
3883,166203
3884,159810.5
3885,156773
3886,148449
3887,150100
3888,151441.5
3889,152640
3890,156581
3891,158466
3892,163805.5
3893,146420.5
3894,169383
3895,176035
3896,134130.5
3897,173905.5
3898,139441
3899,156080.5
3900,110418.5
3901,168478.5
3902,161390.5
3903,169610
3904,139336
3905,158119.5
3906,169485.5
3907,161620.5
3908,46796.5
3909,144634
3910,168468.5
3911,155993
3912,163295
3913,168945.5
3914,167203.5
3915,144571.5
3916,162991.5
3917,119145.5
3918,163537
3919,168680
3920,158062.5
3921,159839.5
3922,153675.5
3923,153432.5
3924,156109
3925,156795
3926,159053
3927,176198.5
3928,154027
3929,158061.5
3930,165195
3931,178235
3932,118733
3933,161958.5
3934,179636
3935,169402
3936,147804
3937,151525
3938,128172
3939,154263.5
3940,172411
3941,173143.5
3942,173237.5
3943,168092
3944,175479
3945,132834.5
3946,168888
3947,157754.5
3948,172579.5
3949,171524.5
3950,159478.5
3951,177182
3952,167298
3953,170642
3954,166970.5
3955,180060
3956,111377
3957,173092
3958,150297
3959,126010.5
3960,160164
3961,149580
3962,168507
3963,153103.5
3964,169443.5
3965,180441
3966,158999.5
3967,174188.5
3968,156458
3969,131715.5
3970,147966
3971,160924.5
3972,180623
3973,141967.5
3974,175197
3975,161486.5
3976,161957
3977,150558
3978,146557
3979,172104
3980,171249
3981,152857
3982,161531
3983,145639
3984,150333
3985,115269.5
3986,170615.5
3987,166465.5
3988,183369
3989,139113
3990,140232.5
3991,132129.5
3992,108668.5
3993,155263.5
3994,143289
3995,131990.5
3996,127730
3997,180084.5
3998,43018.5
3999,153562.5
4000,173267
4001,158915
4002,161912.5
4003,119247
4004,152876
4005,136168
4006,127233
4007,139616.5
4008,175373.5
4009,145389
4010,173218
4011,85035
4012,123176.5
4013,89745.5
4014,103681
4015,61422.5
4016,137943.5
4017,103015
4018,147466.5
4019,83627.5
4020,157801
4021,160214.5
4022,156608
4023,175706.5
4024,124066
4025,155435
4026,133268.5
4027,153426.5
4028,93744.5
4029,121367
4030,28508
4031,99567
4032,128208
4033,153209.5
4034,124450.5
4035,158106
4036,153231.5
4037,130959
4038,113496
4039,109779.5
4040,162588.5
4041,150569.5
4042,116370.5
4043,149530
4044,128623
4045,157197
4046,156975.5
4047,140896.5
4048,149359.5
4049,141636
4050,136227.5
4051,120237.5
4052,156621.5
4053,49167.5
4054,153459.5
4055,64416
4056,4637.5
4057,92363.5
4058,31742.5
4059,153958
4060,81257
4061,160200.5
4062,155183
4063,166170.5
4064,162519
4065,151378
4066,150086
4067,124593
4068,138911.5
4069,181525
4070,148596
4071,162495
4072,131001.5
4073,147220
4074,171257.5
4075,151040
4076,146796
4077,163003
4078,166296
4079,157841.5
4080,155409.5
4081,171259.5
4082,160959
4083,163788.5
4084,81599
4085,51593
4086,156007
4087,158144.5
4088,127196
4089,171072
4090,173632
4091,152943.5
4092,151574.5
4093,145631
4094,74463
4095,38956
4096,159910.5
4097,134273
4098,113203.5
4099,55325.5
4100,131539
4101,129452
4102,58149.5
4103,152087
4104,59816
4105,151549.5
4106,170148
4107,117183
4108,148356.5
4109,146767.5
4110,166732.5
4111,124432.5
4112,175419
4113,131542
4114,107180.5
4115,136285.5
4116,162471
4117,160175
4118,168334
4119,133622.5
4120,178655
4121,164694.5
4122,177120.5
4123,158159
4124,152204
4125,175452.5
4126,175545.5
4127,174554
4128,181347
4129,179234
4130,183606.5
4131,127029
4132,166975.5
4133,159211.5
4134,141671
4135,154408.5
4136,180608.5
4137,182097.5
4138,178503
4139,176347.5
4140,165819.5
4141,101226
4142,183002
4143,179064
4144,47059
4145,171168
4146,168804
4147,138959.5
4148,163404
4149,162573
4150,139681
4151,142497
4152,168456.5
4153,174410.5
4154,180884
4155,160634
4156,171909
4157,169435.5
4158,166613.5
4159,167445
4160,168483
4161,131624
4162,158501
4163,160271.5
4164,152845
4165,160870.5
4166,160331
4167,160074.5
4168,173369.5
4169,165820.5
4170,153885
4171,170936.5
4172,167717
4173,151256.5
4174,163533.5
4175,158253
4176,164686
4177,161292
4178,41453
4179,41452.5
4180,58080
4181,123503.5
4182,96011.5
4183,171489.5
4184,148284
4185,164693.5
4186,147087
4187,155338.5
4188,156399.5
4189,150054
4190,162781.5
4191,137663.5
4192,156586.5
4193,141308
4194,155246
4195,163012
4196,162683
4197,145684
4198,159323
4199,162596.5
4200,142762
4201,169777
4202,164211
4203,126787
4204,153667
4205,78771.5
4206,148369
4207,178673.5
4208,176378.5
4209,121238
4210,154749
4211,127043
4212,144071.5
4213,174045
4214,171209
4215,159790.5
4216,153138
4217,130928
4218,146371
4219,164172.5
4220,88593
4221,172567
4222,162046.5
4223,158679.5
4224,104874.5
4225,171012
4226,151237.5
4227,56178.5
4228,110053
4229,159587
4230,85344
4231,148817
4232,142248
4233,131403.5
4234,153373
4235,173519
4236,165224.5
4237,169359
4238,163198
4239,152477.5
4240,158796
4241,134159
4242,172798.5
4243,146002.5
4244,67193
4245,135582
4246,106555
4247,139931
4248,182707.5
4249,170236
4250,134120.5
4251,150137
4252,148515
4253,131044.5
4254,178162
4255,174596
4256,40634.5
4257,145849.5
4258,107922
4259,130018
4260,118326.5
4261,146570
4262,143941.5
4263,130022
4264,105969.5
4265,100168
4266,167656
4267,134899
4268,134536
4269,125491
4270,41440.5
4271,162596
4272,142167.5
4273,148311
4274,99108
4275,132423.5
4276,159243.5
4277,118046
4278,41416
4279,127338.5
4280,120135.5
4281,122673.5
4282,40882
4283,151426
4284,4611
4285,155436.5
4286,44710
4287,11006.5
4288,37585.5
4289,117983
4290,129682
4291,124651
4292,47828.5
4293,163331.5
4294,161947.5
4295,96643.5
4296,150646
4297,156571.5
4298,150776
4299,119451.5
4300,162733.5
4301,148766.5
4302,162433
4303,161129.5
4304,156057
4305,179860.5
4306,174591.5
4307,158615.5
4308,162640
4309,142494
4310,144671
4311,147859.5
4312,143526
4313,156887.5
4314,151411
4315,167931
4316,150725.5
4317,155998
4318,86991.5
4319,143248
4320,137672.5
4321,138456.5
4322,138261
4323,167537.5
4324,157173
4325,167138
4326,161874
4327,159331
4328,137764.5
4329,156326
4330,128685
4331,158170
4332,172400
4333,157074
4334,167274
4335,163285.5
4336,161062
4337,168893
4338,181178.5
4339,161140.5
4340,151924
4341,160306.5
4342,169628
4343,159443.5
4344,153795
4345,164847.5
4346,75518
4347,171731.5
4348,61523
4349,120046.5
4350,136791.5
4351,113843.5
4352,145839.5
4353,136487.5
4354,106512
4355,148752.5
4356,133970.5
4357,153203.5
4358,173153.5
4359,147799.5
4360,173637.5
4361,128649.5
4362,155898
4363,165273.5
4364,153581
4365,43390
4366,137903.5
4367,167968.5
4368,24454.5
4369,23981.5
4370,22709.5
4371,136405.5
4372,176346
4373,163382
4374,151075
4375,158918.5
4376,145905
4377,156666.5
4378,148028.5
4379,141580.5
4380,134249.5
4381,128053.5
4382,171113.5
4383,149338.5
4384,177130
4385,113298
4386,132085.5
4387,146983
4388,138266
4389,146461.5
4390,158851
4391,93304.5
4392,133195
4393,159195.5
4394,31033
4395,156946.5
4396,108050
4397,40547
4398,35203.5
4399,142933
4400,114937.5
4401,151102
4402,173342.5
4403,84065.5
4404,169190
4405,153643
4406,182983.5
4407,172798
4408,158014
4409,76120
4410,183428
4411,182153.5
4412,177823
4413,176706
4414,174200.5
4415,107057.5
4416,161943.5
4417,181561.5
4418,163672.5
4419,155985
4420,170255.5
4421,162703.5
4422,146380.5
4423,164441.5
4424,132508.5
4425,178115
4426,177789
4427,177278
4428,131895
4429,166397.5
4430,159251.5
4431,143573.5
4432,152320
4433,167418.5
4434,170866
4435,115606
4436,103330
4437,105318
4438,164036
4439,183531
4440,182121.5
4441,183129.5
4442,172345.5
4443,184044.5
4444,172044.5
4445,181213
4446,119717.5
4447,166153.5
4448,175214.5
4449,143446
4450,181321.5
4451,172148
4452,165242
4453,162402
4454,138841.5
4455,171504.5
4456,127166.5
4457,51930.5
4458,153147.5
4459,157572
4460,128466
4461,155078
4462,156597.5
4463,159422
4464,153406.5
4465,144950
4466,148875
4467,145114.5
4468,143150
4469,147284
4470,145170
4471,160911.5
4472,156353
4473,169799
4474,182203
4475,179973
4476,177319.5
4477,177396.5
4478,170323
4479,176219
4480,157717.5
4481,180577.5
4482,162284
4483,182313
4484,183487
4485,182800.5
4486,182478.5
4487,169939
4488,151131.5
4489,69808.5
4490,178619
4491,183490
4492,168285.5
4493,167673
4494,160510
4495,170849
4496,55642
4497,133215.5
4498,167564.5
4499,148615
4500,151668.5
4501,169609.5
4502,162991
4503,152771.5
4504,163020.5
4505,166358
4506,160925
4507,158477
4508,156630
4509,128657
4510,159567.5
4511,135400
4512,164842
4513,159615.5
4514,171746
4515,160035
4516,161296
4517,165179
4518,143972.5
4519,134670.5
4520,170662.5
4521,164175.5
4522,169443.5
4523,124709
4524,168693.5
4525,120852.5
4526,179962.5
4527,157025
4528,179941
4529,174852.5
4530,175870.5
4531,166898
4532,180136
4533,146497.5
4534,179402
4535,156199
4536,166799
4537,163566.5
4538,176728.5
4539,148119.5
4540,142140.5
4541,138334
4542,120905
4543,80801
4544,126680
4545,34047.5
4546,160215
4547,47531
4548,31040.5
4549,154978
4550,51243.5
4551,104254.5
4552,112826.5
4553,20008.5
4554,181693
4555,157397.5
4556,106923.5
4557,157559.5
4558,129345.5
4559,135204.5
4560,154654.5
4561,154804
4562,141351
4563,133786
4564,64892.5
4565,22540.5
4566,278
4567,26809.5
4568,24865.5
4569,34987
4570,169597
4571,163958
4572,135524
4573,119412
4574,147437
4575,154321
4576,153944.5
4577,167119.5
4578,147190
4579,166326.5
4580,157911.5
4581,158388
4582,145864.5
4583,144163
4584,165375
4585,169461.5
4586,166271.5
4587,17013.5
4588,167690
4589,180869.5
4590,138349.5
4591,3849.5
4592,132905.5
4593,104413
4594,130042.5
4595,167206.5
4596,165611
4597,133559.5
4598,146837.5
4599,161723.5
4600,177134
4601,162741
4602,151996.5
4603,163116.5
4604,157744.5
4605,100889.5
4606,157243
4607,82349.5
4608,40041.5
4609,167328
4610,161201
4611,170402
4612,164842.5
4613,174389
4614,156854.5
4615,155186
4616,91417
4617,132259.5
4618,175451
4619,151152
4620,138384
4621,156006.5
4622,137778
4623,77403.5
4624,165997
4625,163253.5
4626,157537.5
4627,162147.5
4628,157106.5
4629,130378
4630,149688
4631,175540.5
4632,166274
4633,148030
4634,137089.5
4635,143547.5
4636,167417.5
4637,176913
4638,177565.5
4639,145511
4640,141776.5
4641,151205
4642,159653.5
4643,142188.5
4644,164951.5
4645,122968
4646,173680
4647,161902.5
4648,127876.5
4649,30665
4650,131487.5
4651,132473.5
4652,171128
4653,123607
4654,141566
4655,44546.5
4656,55910.5
4657,151520.5
4658,159082
4659,146430
4660,168105.5
4661,147265.5
4662,152347.5
4663,173979
4664,45331.5
4665,42141
4666,48224
4667,106484.5
4668,54647
4669,113716
4670,41948.5
4671,104723.5
4672,56137.5
4673,120724.5
4674,104453
4675,160039.5
4676,2506.5
4677,72477.5
4678,78784
4679,21993.5
4680,144125
4681,72854
4682,127022.5
4683,40125
4684,80887.5
4685,34542.5
4686,153500
4687,164766
4688,160403
4689,169387
4690,108673.5
4691,144427.5
4692,117440.5
4693,176855
4694,176336
4695,139798.5
4696,152198
4697,182465.5
4698,62679
4699,159320.5
4700,183525
4701,171166.5
4702,176880.5
4703,135312
4704,178851.5
4705,180204
4706,176706
4707,172630.5
4708,152757.5
4709,117413.5
4710,94284
4711,164518.5
4712,181257.5
4713,148901
4714,176199.5
4715,177498
4716,169302.5
4717,170859.5
4718,172661
4719,170080.5
4720,161249.5
4721,181334
4722,131119.5
4723,179276
4724,176176
4725,154331.5
4726,172054.5
4727,130520
4728,183245
4729,181167
4730,181402
4731,18837.5
4732,94594.5
4733,142296.5
4734,161180
4735,140282.5
4736,156456
4737,159561
4738,5048
4739,60844.5
4740,160037.5
4741,6358.5
4742,17863.5
4743,164247
4744,148866.5
4745,92294.5
4746,8855
4747,75407.5
4748,11505
4749,37880.5
4750,33416
4751,57032.5
4752,79634.5
4753,180166.5
4754,182772.5
4755,172870
4756,163565
4757,51892.5
4758,153380.5
4759,134251.5
4760,176710.5
4761,181998
4762,181520.5
4763,167568
4764,175746
4765,124435.5
4766,182233.5
4767,163335.5
4768,179573
4769,171636.5
4770,176867.5
4771,163697.5
4772,129030
4773,179320
4774,138618.5
4775,161436.5
4776,141999
4777,172568
4778,183724
4779,150667.5
4780,155508.5
4781,154085.5
4782,144402
4783,147473.5
4784,142326.5
4785,146453
4786,141651
4787,149415
4788,140496
4789,133391
4790,156729.5
4791,136268
4792,116648
4793,162656
4794,157357
4795,160639.5
4796,157148.5
4797,134310
4798,155461.5
4799,159782
4800,164973
4801,147734.5
4802,163576.5
4803,161367.5
4804,160315.5
4805,128880.5
4806,155194
4807,146774.5
4808,45763.5
4809,99716.5
4810,126372
4811,83760.5
4812,50114
4813,109471.5
4814,163440.5
4815,134217.5
4816,171827.5
4817,160263
4818,157404
4819,171006
4820,169598.5
4821,172295.5
4822,155295
4823,182987.5
4824,117318.5
4825,151350
4826,84196.5
4827,155305.5
4828,69207.5
4829,100496
4830,122113.5
4831,158711
4832,131792.5
4833,133665.5
4834,75812.5
4835,64202.5
4836,139291.5
4837,173983
4838,137395.5
4839,8034
4840,165644.5
4841,107497
4842,7232
4843,114491
4844,84720.5
4845,157408.5
4846,56160
4847,76311
4848,103123.5
4849,84502
4850,47086
4851,122344.5
4852,148368.5
4853,158765.5
4854,136406
4855,146735.5
4856,156524.5
4857,156858.5
4858,165007
4859,165752
4860,171286
4861,165380.5
4862,111272.5
4863,8572.5
4864,19494.5
4865,144179
4866,172844.5
4867,166156
4868,166705.5
4869,36738.5
4870,162953
4871,152313.5
4872,146674.5
4873,141820.5
4874,145654
4875,157261
4876,139374
4877,149054
4878,9616
4879,171758.5
4880,162644.5
4881,32546
4882,90668
4883,16325
4884,124355.5
4885,140883
4886,145548
4887,116077.5
4888,182564
4889,158429
4890,159670.5
4891,182559.5
4892,182365
4893,178403.5
4894,132279.5
4895,161636
4896,147237
4897,155808
4898,180224.5
4899,166598.5
4900,177795.5
4901,176352
4902,165620
4903,96367.5
4904,171763.5
4905,151177.5
4906,148379.5
4907,136012
4908,161014
4909,164557.5
4910,181587
4911,179885
4912,177534
4913,160224.5
4914,160600
4915,135513
4916,135045
4917,55270.5
4918,179726
4919,169193.5
4920,174123
4921,178730.5
4922,130168
4923,178664.5
4924,119763.5
4925,177168.5
4926,181397.5
4927,174898
4928,170390.5
4929,174656
4930,174122.5
4931,180173
4932,178121.5
4933,184045.5
4934,92029.5
4935,181034.5
4936,183943
4937,182295
4938,183495.5
4939,177541.5
4940,182371
4941,182162.5
4942,166146
4943,182648
4944,176862.5
4945,11300
4946,164643
4947,161019.5
4948,181197
4949,148663.5
4950,158427
4951,170597
4952,157913.5
4953,153338.5
4954,175366
4955,181830
4956,174956.5
4957,115091.5
4958,117469
4959,103378
4960,50076
4961,148976.5
4962,164822
4963,153443
4964,168385
4965,171324
4966,182994.5
4967,180798.5
4968,170015
4969,175084
4970,171361.5
4971,152795.5
4972,141089
4973,144354
4974,148891
4975,164676
4976,179016.5
4977,148066
4978,154397
4979,145710
4980,146446.5
4981,178168.5
4982,181938.5
4983,68539
4984,155182
4985,138199
4986,159829
4987,173930
4988,125478
4989,145654
4990,127467
4991,142053
4992,62763.5
4993,124285.5
4994,157641.5
4995,106569
4996,142053
4997,62763.5
4998,124285.5
4999,157641.5
5000,106569
5001,160280
5002,161063
5003,161315.5
5004,175318
5005,144951.5
5006,153932
5007,112204.5
5008,131119
5009,175925
5010,165725.5
5011,126671
5012,171883.5
5013,160369
5014,168075.5
5015,160452.5
5016,162587
5017,130649
5018,154646.5
5019,148261.5
5020,123832.5
5021,98282
5022,84718.5
5023,43261
5024,161679.5
5025,134429.5
5026,104111.5
5027,138417
5028,145521
5029,121808.5
5030,147458
5031,149402.5
5032,129738.5
5033,155822.5
5034,142042.5
5035,154149
5036,147582.5
5037,156537
5038,144103.5
5039,130059
5040,156481.5
5041,157221.5
5042,145843.5
5043,162956
5044,127448
5045,160984
5046,146385
5047,139127.5
5048,159218
5049,178142.5
5050,165732.5
5051,137552.5
5052,153771
5053,132987
5054,155678
5055,141808.5
5056,153226.5
5057,125661.5
5058,163130.5
5059,164663
5060,108442
5061,125254.5
5062,112797.5
5063,123874
5064,88135.5
5065,99805
5066,46086.5
5067,140258
5068,136170
5069,173959.5
5070,120891
5071,135693.5
5072,147172.5
5073,1998
5074,140094
5075,9255.5
5076,150023
5077,161736.5
5078,140877.5
5079,157056
5080,120090.5
5081,140080
5082,135776.5
5083,132963
5084,128775.5
5085,69622.5
5086,109013.5
5087,158993.5
5088,85495.5
5089,174535
5090,59619
5091,50346
5092,137691.5
5093,46701
5094,122882.5
5095,58690
5096,55929.5
5097,176867
5098,157264.5
5099,79234.5
5100,115163.5
5101,55965
5102,121271.5
5103,122204.5
5104,98470.5
5105,37016.5
5106,77455.5
5107,3380
5108,8279
5109,2480.5
5110,94507
5111,22653
5112,52385
5113,87743
5114,123501
5115,67914.5
5116,47581.5
5117,92317.5
5118,16395
5119,980
5120,16438.5
5121,28209
5122,109961.5
5123,6691
5124,135650
5125,109570.5
5126,3336.5
5127,33901.5
5128,616
5129,8499
5130,12992.5
5131,43937.5
5132,136762.5
5133,133882.5
5134,111046.5
5135,53098.5
5136,253.5
5137,50765.5
5138,146234.5
5139,88628
5140,162571.5
5141,144929
5142,9280.5
5143,119486.5
5144,142439
5145,149938.5
5146,158244
5147,157958
5148,180392.5
5149,183880
5150,170352
5151,176659.5
5152,177751.5
5153,179014
5154,174582
5155,109301
5156,86723
5157,132969.5
5158,150895
5159,171313
5160,166104
5161,153477.5
5162,92372
5163,115163.5
5164,125000.5
5165,151812.5
5166,108024.5
5167,147859.5
5168,157477.5
5169,147390.5
5170,168601.5
5171,173802.5
5172,166350.5
5173,162413.5
5174,134246.5
5175,124189.5
5176,129348
5177,173044.5
5178,161333.5
5179,148303.5
5180,142260.5
5181,163288
5182,171748.5
5183,150783.5
5184,85458.5
5185,41786.5
5186,168258.5
5187,171493
5188,165360.5
5189,104046.5
5190,124363.5
5191,138633
5192,152981
5193,158189.5
5194,149566.5
5195,173547.5
5196,141824.5
5197,144736.5
5198,163871.5
5199,163264
5200,136237
5201,136123
5202,117181
5203,173869.5
5204,66584
5205,65273.5
5206,142041
5207,153867
5208,129991
5209,120234
5210,156242
5211,157767
5212,152805
5213,160037
5214,165002.5
5215,119756.5
5216,152954.5
5217,158683.5
5218,40950.5
5219,163028.5
5220,175372
5221,181936
5222,180049.5
5223,179301
5224,180141.5
5225,181862
5226,164566
5227,172517.5
5228,181491.5
5229,181295
5230,146536
5231,157767
5232,152805
5233,160037
5234,165002.5
5235,119756.5
5236,152954.5
5237,158683.5
5238,40950.5
5239,163028.5
5240,175372
5241,181936
5242,180049.5
5243,179301
5244,180141.5
5245,181862
5246,164566
5247,172517.5
5248,181491.5
5249,181295
5250,146536
5251,182543.5
5252,140913.5
5253,76170
5254,67102.5
5255,156689.5
5256,104242.5
5257,142659
5258,184018.5
5259,158874.5
5260,178370
5261,126451.5
5262,73380.5
5263,119759
5264,41595.5
5265,93575.5
5266,148588
5267,151096
5268,151317.5
5269,134451.5
5270,141026.5
5271,166012.5
5272,105209.5
5273,55315
5274,74942.5
5275,162357.5
5276,161733.5
5277,133763
5278,32710
5279,159300
5280,166231.5
5281,129148
5282,176570.5
5283,121497.5
5284,146024
5285,157048.5
5286,172566
5287,159296.5
5288,166588.5
5289,139232.5
5290,179118.5
5291,163721
5292,155504.5
5293,170138.5
5294,165628
5295,156524
5296,169584
5297,168722.5
5298,139343
5299,153411
5300,148733.5
5301,148966
5302,166373
5303,144885
5304,173251.5
5305,159978
5306,170067
5307,168187
5308,152197
5309,151134
5310,161886
5311,163215
5312,173103.5
5313,173289
5314,134015.5
5315,144159
5316,164567
5317,160258
5318,152461
5319,151401.5
5320,143629.5
5321,167723
5322,121813.5
5323,158468
5324,160721.5
5325,31708
5326,176747.5
5327,159035.5
5328,163619.5
5329,138517.5
5330,149605.5
5331,169001.5
5332,88672
5333,49418.5
5334,95350.5
5335,41749
5336,46869
5337,106918.5
5338,43633.5
5339,96653
5340,133385
5341,130047
5342,103354
5343,112978
5344,112294.5
5345,95420.5
5346,148427.5
5347,40389
5348,28311.5
5349,145074
5350,149730
5351,153968
5352,169950
5353,144089
5354,103686.5
5355,174332
5356,145785
5357,130803.5
5358,159091
5359,139327.5
5360,174121.5
5361,161106
5362,162098.5
5363,174325
5364,175272.5
5365,166826.5
5366,175257.5
5367,161687.5
5368,167936.5
5369,163159.5
5370,158135
5371,165543.5
5372,151851.5
5373,128578.5
5374,159199.5
5375,164110
5376,156405
5377,160927
5378,160254.5
5379,143296.5
5380,181954.5
5381,132892
5382,166966.5
5383,154580
5384,102475.5
5385,141812.5
5386,170408
5387,148383.5
5388,148154
5389,111578.5
5390,125728
5391,134613.5
5392,114230
5393,168620
5394,150151.5
5395,156450.5
5396,108550
5397,123689.5
5398,168522.5
5399,122697
5400,123758.5
5401,125070.5
5402,7790.5
5403,73404.5
5404,147655.5
5405,155271
5406,162213
5407,160229
5408,179418.5
5409,180043.5
5410,175800.5
5411,180081
5412,177971.5
5413,178644
5414,177471
5415,173309.5
5416,153086.5
5417,161150
5418,168584.5
5419,173970
5420,121909
5421,154085
5422,61985.5
5423,103412.5
5424,119300.5
5425,157449.5
5426,182692.5
5427,182724.5
5428,183094.5
5429,166615
5430,171569
